name,logP,logD,Vd,PPB,MW,theory_score,ile_prob,category,ad_flag,rank
Lumefantrine co-artemether,57.751,7.932,118.529,73.88,529.0,60.0,100.0,High,ok,1
Probucol,9.908,5.711,15.771,109.714,516.9,60.0,99.9,High,ok,2
Ivermectin,10.813,6.109,14.491,122.707,875.1,60.0,99.9,High,domain-edge (prediction unreliable),3
Ubidecarenone,17.854,5.459,1.309,116.601,863.4,95.3,99.8,High,domain-edge (prediction unreliable),4
Beta carotene,12.606,5.239,2.658,110.42,536.9,83.0,99.8,High,ok,5
Ubiquinol,18.471,5.508,1.36,115.507,865.4,94.7,99.8,High,domain-edge (prediction unreliable),6
Zeaxanthin,10.547,5.237,3.087,109.718,568.9,80.4,99.8,High,ok,7
Lutein,10.403,5.203,3.406,109.444,568.9,78.7,99.7,High,ok,8
Lycopene,12.938,5.047,1.996,111.266,536.9,88.0,99.7,High,ok,9
Bisoctrizole,9.584,5.047,3.965,108.76,658.9,76.1,99.7,High,domain-edge (prediction unreliable),10
Pibrentasvir,9.448,5.087,11.988,103.856,1113.2,60.0,99.7,High,domain-edge (prediction unreliable),11
Ombitasvir,7.687,4.921,4.264,106.975,894.1,74.8,99.6,High,domain-edge (prediction unreliable),12
Estradiol dienanthate,8.301,4.803,6.382,110.308,496.7,67.8,99.6,High,ok,13
Drometrizole trisiloxane,6.388,4.928,10.407,108.317,501.9,60.0,99.6,High,ok,14
Squalene,10.605,4.808,6.496,109.598,410.7,67.5,99.6,High,ok,15
Testosterone enantate benzilic acid hydrazone,8.24,4.807,-1.479,111.658,624.9,100.0,99.6,High,domain-edge (prediction unreliable),16
Aripiprazole lauroxil,8.675,4.704,13.882,110.899,660.7,60.0,99.5,High,domain-edge (prediction unreliable),17
Ergosterol,7.331,4.683,7.442,106.391,396.7,65.1,99.5,High,ok,18
Ergocalciferol,7.641,4.677,7.455,106.246,396.7,65.1,99.5,High,ok,19
Bemotrizinol,9.483,4.794,4.519,109.389,627.8,73.8,99.5,High,domain-edge (prediction unreliable),20
1-Palmitoyl-2-oleoyl-sn-glycero-3-(phospho-rac-(1-glycerol)),10.447,4.665,12.049,113.392,749.0,60.0,99.5,High,domain-edge (prediction unreliable),21
Dihydrotachysterol,7.721,4.677,7.168,106.318,398.7,65.8,99.5,High,ok,22
Crinecerfont,7.517,4.773,6.492,105.444,483.1,67.5,99.5,High,ok,23
D-alpha-Tocopherol acetate,9.06,4.605,18.366,104.519,472.8,60.0,99.4,High,ok,24
Lercanidipine,6.478,4.609,4.877,106.536,611.7,72.5,99.4,High,domain-edge (prediction unreliable),25
Doxercalciferol,6.612,4.551,6.758,106.188,412.7,66.8,99.4,High,ok,26
Gramicidin D,4.868,4.586,-1.438,112.491,1811.3,100.0,99.4,High,domain-edge (prediction unreliable),27
Ivacaftor,5.081,4.631,3.948,107.817,392.5,76.1,99.4,High,ok,28
Spinosad,11.365,4.627,13.584,108.826,746.0,60.0,99.4,High,domain-edge (prediction unreliable),29
Zinc dibutyldithiocarbamate,5.438,4.58,13.322,104.322,204.4,60.0,99.4,High,ok,30
Tazarotene,4.432,4.589,8.969,105.903,351.5,61.9,99.4,High,ok,31
Chloramphenicol palmitate,6.941,4.585,8.053,110.888,561.5,63.8,99.4,High,ok,32
"1,2-Docosahexanoyl-sn-glycero-3-phosphoserine",11.943,4.606,0.286,115.489,880.1,100.0,99.4,High,domain-edge (prediction unreliable),33
Vitamin E,8.84,4.569,16.616,105.286,430.7,60.0,99.4,High,ok,34
Cyclosporine,3.269,4.567,7.593,98.142,1202.6,64.8,99.4,High,domain-edge (prediction unreliable),35
Octocrylene,5.772,4.567,0.759,110.142,361.5,100.0,99.4,High,ok,36
Cholecalciferol,7.619,4.598,10.155,105.602,384.6,60.0,99.4,High,ok,37
Triheptanoin,5.896,4.453,8.471,108.804,428.6,62.9,99.3,High,ok,38
Manidipine,4.953,4.474,1.688,108.947,610.7,90.9,99.3,High,domain-edge (prediction unreliable),39
Cholesterol,7.389,4.511,9.578,105.991,386.7,60.7,99.3,High,ok,40
Ospemifene,5.646,4.453,1.325,107.362,378.9,95.1,99.3,High,ok,41
Permethrin,6.113,4.434,5.62,103.766,391.3,70.0,99.3,High,ok,42
DL-alpha-Tocopherol,8.84,4.475,18.138,103.631,430.7,60.0,99.3,High,ok,43
DL-alpha tocopheryl acetate,9.06,4.52,19.854,103.019,472.8,60.0,99.3,High,ok,44
Glycerol phenylbutyrate,6.053,4.524,-4.151,111.684,530.7,100.0,99.3,High,ok,45
Almitrine,4.257,4.439,5.366,103.628,477.6,70.8,99.3,High,ok,46
Estradiol cypionate,6.131,4.505,0.789,107.979,396.6,100.0,99.3,High,ok,47
Alfacalcidol,6.59,4.488,9.608,105.704,400.6,60.7,99.3,High,ok,48
Ethylhexyl methoxycrylene,5.78,4.53,0.659,110.305,391.5,100.0,99.3,High,ok,49
Voclosporin,3.435,4.517,6.86,97.415,1214.6,66.5,99.3,High,domain-edge (prediction unreliable),50
Estramustine,5.182,4.454,6.411,104.301,440.4,67.7,99.3,High,ok,51
Fidaxomicin,6.234,4.455,7.479,115.672,1058.1,65.0,99.3,High,domain-edge (prediction unreliable),52
Quinestrol,5.228,4.509,4.77,105.773,364.5,72.9,99.3,High,ok,53
Buclizine,6.545,4.434,10.385,104.416,433.0,60.0,99.3,High,ok,54
Avacopan,8.048,4.533,9.479,101.453,581.7,60.9,99.3,High,ok,55
Cannabidiol,5.847,4.527,5.447,104.848,314.5,70.6,99.3,High,ok,56
Phylloquinone,9.158,4.46,12.221,107.14,450.7,60.0,99.3,High,ok,57
Sonidegib,5.822,4.461,6.283,102.098,485.5,68.1,99.3,High,ok,58
Ledipasvir,8.607,4.381,-1.071,106.196,889.0,100.0,99.2,High,domain-edge (prediction unreliable),59
Nandrolone decanoate,7.181,4.368,4.314,107.961,428.7,74.6,99.2,High,ok,60
Fulvestrant,8.683,4.356,9.307,105.862,606.8,61.2,99.2,High,domain-edge (prediction unreliable),61
Estradiol benzoate,5.123,4.343,1.059,107.238,376.5,99.0,99.2,High,ok,62
Etretinate,5.646,4.363,2.586,103.124,354.5,83.5,99.2,High,ok,63
Lacidipine,4.403,4.391,4.82,106.432,455.6,72.7,99.2,High,ok,64
Desogestrel,4.87,4.348,4.12,103.156,310.5,75.4,99.2,High,ok,65
Lurasidone,4.256,4.377,2.159,108.005,492.7,86.6,99.2,High,ok,66
Talc,-4.207,4.382,5.246,108.397,24.3,71.2,99.2,High,domain-edge (prediction unreliable),67
Omaveloxolone,6.73,4.362,2.899,107.092,554.7,81.5,99.2,High,ok,68
Clotrimazole,5.377,4.368,3.306,102.59,344.8,79.2,99.2,High,ok,69
Prasterone enantate,6.401,4.418,4.348,107.078,400.6,74.5,99.2,High,ok,70
Orlistat,6.882,4.355,10.07,108.278,495.7,60.0,99.2,High,ok,71
Testosterone undecanoate,7.961,4.425,4.702,108.784,456.7,73.1,99.2,High,ok,72
DL-dimyristoylphosphatidylglycerol,8.33,4.298,11.492,110.206,666.9,60.0,99.1,High,domain-edge (prediction unreliable),73
Lumefantrine,9.152,4.332,27.53,98.65,529.0,60.0,99.1,High,ok,74
Delamanid,4.968,4.263,3.506,102.695,534.5,78.2,99.1,High,ok,75
Itraconazole,5.577,4.324,7.445,101.85,705.6,65.1,99.1,High,domain-edge (prediction unreliable),76
Icosapent ethyl,6.471,4.333,5.842,101.17,330.5,69.3,99.1,High,ok,77
Estradiol valerate,5.35,4.277,2.561,104.946,356.5,83.7,99.1,High,ok,78
Toremifene,6.215,4.269,6.207,105.678,406.0,68.3,99.1,High,ok,79
Quizartinib,5.857,4.283,9.165,103.269,560.7,61.5,99.1,High,ok,80
Umbralisib,6.663,4.322,6.208,101.539,571.6,68.3,99.1,High,ok,81
Dronabinol,5.736,4.298,6.827,104.336,314.5,66.6,99.1,High,ok,82
Iophendylate,6.079,4.323,14.536,104.112,416.3,60.0,99.1,High,ok,83
Tolnaftate,4.948,4.312,-0.48,104.206,307.4,100.0,99.1,High,ok,84
Testosterone cypionate,6.401,4.268,0.258,107.43,412.6,100.0,99.1,High,ok,85
Mitotane,5.929,4.291,12.242,98.804,320.0,60.0,99.1,High,ok,86
Attapulgite,-6.948,4.251,4.181,108.296,18.0,75.1,99.0,High,domain-edge (prediction unreliable),87
Elinzanetant,6.056,4.224,11.104,100.791,668.7,60.0,99.0,High,domain-edge (prediction unreliable),88
Testosterone enanthate,6.401,4.233,2.77,106.512,400.6,82.3,99.0,High,ok,89
Phosphatidyl serine,11.51,4.235,7.03,116.097,792.1,66.1,99.0,High,domain-edge (prediction unreliable),90
Haloprogin,4.422,4.258,18.017,96.216,361.4,60.0,99.0,High,ok,91
Sirolimus,6.181,4.19,4.223,107.337,914.2,75.0,99.0,High,domain-edge (prediction unreliable),92
"1,2-Distearoyllecithin",12.172,4.225,19.996,107.213,790.2,60.0,99.0,High,domain-edge (prediction unreliable),93
Temsirolimus,5.722,4.206,4.392,111.588,1030.3,74.3,99.0,High,domain-edge (prediction unreliable),94
"1,2-icosapentoyl-sn-glycero-3-phosphoserine",11.22,4.161,0.296,112.903,842.1,100.0,98.9,High,domain-edge (prediction unreliable),95
Chlorotrianisene,5.868,4.14,-0.396,105.245,380.9,100.0,98.9,High,ok,96
Lotilaner,6.007,4.174,9.413,98.732,596.8,61.1,98.9,High,ok,97
Meclizine,5.556,4.125,8.053,102.55,391.0,63.8,98.9,High,ok,98
Moxidectin,5.729,4.143,5.709,104.929,639.8,69.7,98.9,High,domain-edge (prediction unreliable),99
Fluticasone furoate,4.927,4.142,2.966,103.152,538.6,81.1,98.9,High,ok,100
Vorapaxar,5.63,4.186,1.553,105.302,492.6,92.4,98.9,High,ok,101
Hexachlorophene,6.609,4.153,16.113,95.95,406.9,60.0,98.9,High,ok,102
Ferumoxytol,-0.483,4.172,7.396,106.087,55.8,65.2,98.9,High,domain-edge (prediction unreliable),103
Cabazitaxel,4.568,4.177,8.664,106.071,835.9,62.5,98.9,High,domain-edge (prediction unreliable),104
Tamoxifen,5.996,4.172,5.695,105.534,371.5,69.8,98.9,High,ok,105
Perfluorohexyloctane,7.476,4.144,13.155,98.524,432.3,60.0,98.9,High,ok,106
Nandrolone phenpropionate,5.673,4.169,-2.488,107.544,406.6,100.0,98.9,High,ok,107
Netupitant,6.787,4.161,9.206,99.846,578.6,61.4,98.9,High,ok,108
Nabilone,6.264,4.147,7.543,105.548,372.5,64.9,98.9,High,ok,109
Butenafine,5.769,4.066,5.384,102.393,317.5,70.8,98.8,High,ok,110
Flunarizine,5.385,4.083,6.005,102.053,404.5,68.9,98.8,High,ok,111
Tipranavir,7.326,4.079,-2.382,105.936,602.7,100.0,98.8,High,domain-edge (prediction unreliable),112
Rimonabant,5.939,4.072,13.045,100.154,463.8,60.0,98.8,High,ok,113
Butoconazole,6.637,4.084,13.775,97.24,411.8,60.0,98.8,High,ok,114
Suvorexant,4.111,4.112,5.799,102.827,450.9,69.5,98.8,High,ok,115
Triclocarban,5.291,4.061,14.762,96.234,315.6,60.0,98.8,High,ok,116
Triclabendazole,6.037,4.106,12.935,100.114,359.7,60.0,98.8,High,ok,117
Danazol,4.221,4.094,3.157,102.965,337.5,80.0,98.8,High,ok,118
Menthyl salicylate,4.01,4.062,4.344,102.515,276.4,74.5,98.8,High,ok,119
Antrafenine,6.995,4.118,10.204,100.48,588.6,60.0,98.8,High,ok,120
Diethylamino hydroxybenzoyl hexyl benzoate,5.207,4.104,12.304,103.508,397.5,60.0,98.8,High,ok,121
Lynestrenol,4.314,4.106,3.507,102.152,284.4,78.2,98.8,High,ok,122
Hydroxyprogesterone caproate,5.97,4.113,0.918,107.885,428.6,100.0,98.8,High,ok,123
Elbasvir,8.116,4.11,-0.18,103.622,882.0,100.0,98.8,High,domain-edge (prediction unreliable),124
Lomitapide,8.382,4.067,10.353,100.115,693.7,60.0,98.8,High,domain-edge (prediction unreliable),125
Gestonorone caproate,5.58,4.07,0.895,107.099,414.6,100.0,98.8,High,ok,126
Everolimus,6.197,4.064,6.283,106.753,958.2,68.1,98.8,High,domain-edge (prediction unreliable),127
Diphenoxylate,5.483,4.117,0.556,102.301,452.6,100.0,98.8,High,ok,128
Lidoflazine,5.75,4.046,10.697,100.955,491.6,60.0,98.7,High,ok,129
Aluminum oxide,-1.118,4.006,6.462,105.576,27.0,67.6,98.7,High,domain-edge (prediction unreliable),130
Dutasteride,6.576,4.058,5.955,101.762,528.5,69.0,98.7,High,ok,131
Calcifediol,6.734,4.039,8.239,100.411,400.6,63.4,98.7,High,ok,132
"N-Cyclohexyl-N'-phenyl-1,4-phenylenediamine",5.175,4.046,13.543,100.599,266.4,60.0,98.7,High,ok,133
Docosanol,7.801,4.047,17.363,103.255,326.6,60.0,98.7,High,ok,134
Diacetyl benzoyl lathyrol,5.239,4.008,1.001,106.785,522.6,100.0,98.7,High,ok,135
Asunaprevir,3.854,4.046,3.061,103.678,748.3,80.6,98.7,High,domain-edge (prediction unreliable),136
Pimozide,5.857,4.009,10.448,100.53,461.6,60.0,98.7,High,ok,137
Ebastine,7.218,4.016,9.337,101.911,469.7,61.2,98.7,High,ok,138
Ciclesonide,4.704,4.014,1.353,107.227,540.7,94.7,98.7,High,ok,139
Octinoxate,4.468,4.049,5.395,103.034,290.4,70.7,98.7,High,ok,140
Nelfinavir,4.748,4.014,4.284,103.549,567.8,74.7,98.7,High,ok,141
Rilzabrutinib,4.415,4.011,6.796,101.712,665.8,66.7,98.7,High,domain-edge (prediction unreliable),142
Avobenzone,4.448,3.966,-0.197,106.022,310.4,100.0,98.6,High,ok,143
Tapinarof,4.392,3.995,2.002,99.781,254.3,87.9,98.6,High,ok,144
Regorafenib,5.689,3.957,7.603,98.933,482.8,64.8,98.6,High,ok,145
Bromocriptine,3.193,4.001,9.465,99.668,654.6,61.0,98.6,High,domain-edge (prediction unreliable),146
Scarlet red,7.993,3.987,0.409,103.524,380.5,100.0,98.6,High,ok,147
Isopropyl myristate,5.639,3.953,11.697,100.635,270.5,60.0,98.6,High,ok,148
Felodipine,3.964,3.983,6.121,101.737,384.3,68.5,98.6,High,ok,149
Drostanolone propionate,5.166,3.954,2.833,102.38,360.5,81.9,98.6,High,ok,150
Ibrutinib,4.217,4.0,0.799,103.047,440.5,100.0,98.6,High,ok,151
Ethynodiol diacetate,4.426,3.982,1.911,103.533,384.5,88.8,98.6,High,ok,152
Lapatinib,6.139,3.975,9.655,101.965,581.1,60.6,98.6,High,ok,153
Carfilzomib,2.584,3.958,3.909,102.076,719.9,76.3,98.6,High,domain-edge (prediction unreliable),154
Sertaconazole,7.016,4.004,14.601,96.915,437.8,60.0,98.6,High,ok,155
Mestranol,3.916,3.959,2.704,101.131,310.4,82.7,98.6,High,ok,156
Mifepristone,5.407,3.984,5.014,102.4,429.6,72.0,98.6,High,ok,157
Octisalate,3.765,3.964,5.924,100.302,250.3,69.1,98.6,High,ok,158
Clevidipine,4.245,3.969,5.322,104.687,456.3,71.0,98.6,High,ok,159
Cyclomethicone 5,3.592,3.981,9.376,90.75,370.8,61.1,98.6,High,ok,160
Etravirine,4.717,3.914,0.96,103.072,435.3,100.0,98.5,High,ok,161
Fluticasone propionate,4.43,3.908,2.937,98.983,500.6,81.3,98.5,High,ok,162
Enzacamene,4.404,3.926,2.487,97.721,254.4,84.2,98.5,High,ok,163
2-ethylhexyl benzoate,4.06,3.92,6.502,97.8,234.3,67.5,98.5,High,ok,164
Pimecrolimus,5.719,3.945,6.834,105.051,810.5,66.6,98.5,High,domain-edge (prediction unreliable),165
Colfosceril palmitate,10.612,3.915,17.739,104.34,734.1,60.0,98.5,High,domain-edge (prediction unreliable),166
Vinflunine,5.079,3.914,8.202,103.225,816.9,63.4,98.5,High,domain-edge (prediction unreliable),167
Ulipristal,4.972,3.919,3.318,102.081,433.6,79.2,98.5,High,ok,168
Indium In-111 oxyquinoline,3.544,3.903,-6.318,106.55,144.2,100.0,98.5,High,ok,169
Entrectinib,5.027,3.931,19.918,98.405,560.6,60.0,98.5,High,ok,170
Dipentamethylenethiuram disulfide,3.909,3.911,6.535,99.294,320.6,67.4,98.5,High,ok,171
Velpatasvir,7.732,3.948,-0.704,104.15,883.0,100.0,98.5,High,domain-edge (prediction unreliable),172
Homosalate,3.764,3.927,3.717,100.428,262.3,77.2,98.5,High,ok,173
Ethylestrenol,5.09,3.907,5.722,98.368,288.5,69.7,98.5,High,ok,174
Oxethazaine,3.24,3.949,7.351,96.519,467.7,65.3,98.5,High,ok,175
Hexestrol,4.785,3.946,3.812,99.064,270.4,76.8,98.5,High,ok,176
Oxiconazole,6.118,3.924,14.097,96.908,429.1,60.0,98.5,High,ok,177
Oxatomide,4.127,3.922,1.023,104.152,426.6,99.6,98.5,High,ok,178
Acoltremon,4.342,3.895,5.595,99.89,289.4,70.1,98.4,High,ok,179
Vemurafenib,5.544,3.86,5.839,101.2,489.9,69.3,98.4,High,ok,180
Vinorelbine,4.754,3.887,8.853,103.056,778.9,62.1,98.4,High,domain-edge (prediction unreliable),181
Hydrocortisone cypionate,4.303,3.866,-0.06,105.4,486.6,100.0,98.4,High,ok,182
Tolvaptan,5.683,3.896,5.848,100.537,449.0,69.3,98.4,High,ok,183
Luliconazole,5.061,3.901,6.109,99.13,354.3,68.6,98.4,High,ok,184
Lonafarnib,5.91,3.877,19.089,95.503,638.8,60.0,98.4,High,domain-edge (prediction unreliable),185
Niclosamide,3.86,3.886,7.89,99.518,327.1,64.1,98.4,High,ok,186
Norgestrel,3.883,3.858,1.841,94.923,312.5,89.4,98.4,High,ok,187
Cinnarizine,5.107,3.89,2.23,102.114,368.5,86.1,98.4,High,ok,188
Ripretinib,5.671,3.863,10.852,97.994,510.4,60.0,98.4,High,ok,189
Posaconazole,4.573,3.899,3.97,101.213,700.8,76.0,98.4,High,domain-edge (prediction unreliable),190
Padimate O,4.126,3.881,9.191,98.544,277.4,61.5,98.4,High,ok,191
Atovaquone,5.505,3.899,3.21,103.862,366.8,79.7,98.4,High,ok,192
Quazepam,5.026,3.892,5.62,99.179,386.8,70.0,98.4,High,ok,193
Sorafenib,5.55,3.899,6.352,99.614,464.8,67.9,98.4,High,ok,194
Ritonavir,5.905,3.867,-1.546,103.52,721.0,100.0,98.4,High,domain-edge (prediction unreliable),195
Abiraterone,5.399,3.836,2.92,100.723,349.5,81.4,98.3,High,ok,196
Tivozanib,5.638,3.815,4.938,100.59,454.9,72.3,98.3,High,ok,197
Thiohexam,4.226,3.824,4.28,101.264,264.4,74.7,98.3,High,ok,198
Isoconazole,6.455,3.82,16.589,93.96,416.1,60.0,98.3,High,ok,199
Benzbromarone,5.457,3.852,13.001,98.726,424.1,60.0,98.3,High,ok,200
Disulfiram,3.621,3.824,9.413,88.682,296.6,61.1,98.3,High,ok,201
Drotaverine,4.925,3.838,8.396,101.298,397.5,63.0,98.3,High,ok,202
Mometasone furoate,4.869,3.829,2.718,103.631,521.4,82.6,98.3,High,ok,203
Meradimate,3.886,3.842,4.767,99.849,275.4,72.9,98.3,High,ok,204
Bedaquiline,7.131,3.828,10.368,101.265,555.5,60.0,98.3,High,ok,205
Diethylstilbestrol,4.829,3.823,3.807,99.124,268.4,76.8,98.3,High,ok,206
Lopinavir,4.328,3.843,-2.794,105.251,628.8,100.0,98.3,High,domain-edge (prediction unreliable),207
Bithionol,5.863,3.791,16.777,94.932,356.1,60.0,98.2,High,ok,208
Zytron,4.241,3.776,9.616,91.249,314.2,60.7,98.2,High,ok,209
Nicardipine,3.678,3.801,2.705,103.203,479.5,82.7,98.2,High,ok,210
Vitamin A,5.51,3.81,3.724,94.717,286.5,77.2,98.2,High,ok,211
Miconazole,6.455,3.8,18.425,92.635,416.1,60.0,98.2,High,ok,212
Aripiprazole,4.859,3.789,10.229,102.262,448.4,60.0,98.2,High,ok,213
Fluspirilene,5.305,3.796,10.224,99.545,475.6,60.0,98.2,High,ok,214
Prasugrel,3.891,3.776,3.341,96.161,373.4,79.0,98.2,High,ok,215
Ziftomenib,5.015,3.799,14.481,98.487,717.9,60.0,98.2,High,domain-edge (prediction unreliable),216
Cabozantinib,5.541,3.777,3.789,100.123,501.5,76.9,98.2,High,ok,217
Calcitriol,5.705,3.813,7.83,98.399,416.6,64.2,98.2,High,ok,218
Loratadine,4.888,3.791,6.93,96.909,382.9,66.4,98.2,High,ok,219
Calcipotriol,5.091,3.78,3.12,96.382,412.6,80.2,98.2,High,ok,220
Brexpiprazole,4.724,3.779,5.625,104.829,433.6,70.0,98.2,High,ok,221
Dabigatran etexilate,5.603,3.78,5.074,101.99,627.7,71.8,98.2,High,domain-edge (prediction unreliable),222
Oteseconazole,4.634,3.783,-0.904,100.36,527.4,100.0,98.2,High,ok,223
Bezitramide,5.39,3.789,0.06,99.718,492.6,100.0,98.2,High,ok,224
Fenofibrate,4.68,3.806,8.222,102.282,360.8,63.4,98.2,High,ok,225
Ziprasidone,3.809,3.782,4.402,102.65,412.9,74.3,98.2,High,ok,226
Sulconazole,6.518,3.765,15.722,93.256,397.8,60.0,98.1,High,ok,227
Mobocertinib,5.075,3.757,11.377,100.181,585.7,60.0,98.1,High,ok,228
Amorolfine,4.662,3.743,10.045,92.578,317.5,60.0,98.1,High,ok,229
Halofantrine,8.644,3.773,29.332,95.214,500.4,60.0,98.1,High,ok,230
Bisphenol A diglycidyl ether,3.568,3.747,4.121,98.953,340.4,75.4,98.1,High,ok,231
Ethinylestradiol,3.613,3.752,2.235,98.409,296.4,86.0,98.1,High,ok,232
Simvastatin,4.586,3.738,4.468,102.234,418.6,74.0,98.1,High,ok,233
Atazanavir,4.212,3.742,-1.871,104.162,704.9,100.0,98.1,High,domain-edge (prediction unreliable),234
Clopidogrel,3.674,3.765,4.558,98.889,321.8,73.6,98.1,High,ok,235
Alectinib,4.773,3.764,12.925,99.13,482.6,60.0,98.1,High,ok,236
Dronedarone,7.049,3.744,22.362,99.381,556.8,60.0,98.1,High,ok,237
Roflumilast,5.031,3.751,7.321,98.68,403.2,65.4,98.1,High,ok,238
Astemizole,5.351,3.756,8.797,100.925,458.6,62.2,98.1,High,ok,239
Docetaxel,3.26,3.75,6.368,102.807,807.9,67.8,98.1,High,domain-edge (prediction unreliable),240
Medrogestone,5.28,3.772,0.619,99.401,340.5,100.0,98.1,High,ok,241
Triethoxycaprylylsilane,4.395,3.771,13.468,92.219,276.5,60.0,98.1,High,ok,242
Thiethylperazine,5.039,3.758,13.341,100.112,399.6,60.0,98.1,High,ok,243
Flupentixol,4.602,3.708,15.866,99.475,434.5,60.0,98.0,High,ok,244
Clofazimine,7.49,3.707,12.256,97.107,473.4,60.0,98.0,High,ok,245
Fluoroestradiol F-18,3.557,3.727,2.627,97.108,289.4,83.2,98.0,High,ok,246
Magnesium silicate,-1.118,3.715,7.383,103.209,24.3,65.3,98.0,High,domain-edge (prediction unreliable),247
Pexidartinib,5.228,3.709,12.06,95.982,417.8,60.0,98.0,High,ok,248
Midostaurin,5.907,3.723,2.394,100.37,570.6,84.8,98.0,High,ok,249
Bifonazole,5.188,3.734,2.77,98.728,310.4,82.3,98.0,High,ok,250
"Sodium 1,2-Dipalmitoyl-sn-glycero-3-phospho-(1'-rac-glycerol)",6.263,3.709,13.455,105.046,722.0,60.0,98.0,High,domain-edge (prediction unreliable),251
Sotorasib,4.481,3.73,1.76,97.739,560.6,90.2,98.0,High,ok,252
Tioconazole,5.863,3.727,13.863,93.246,387.7,60.0,98.0,High,ok,253
Netarsudil,4.89,3.729,-0.915,104.675,453.5,100.0,98.0,High,ok,254
Cyproterone acetate,4.608,3.727,2.02,103.009,416.9,87.8,98.0,High,ok,255
Tribromsalan,4.932,3.714,13.235,96.502,449.9,60.0,98.0,High,ok,256
Dithiazanine,6.252,3.685,12.572,96.213,391.6,60.0,97.9,High,ok,257
Nisoldipine,3.202,3.688,2.584,102.686,388.4,83.5,97.9,High,ok,258
Vorasidenib,4.312,3.683,9.627,95.724,414.7,60.7,97.9,High,ok,259
Econazole,5.801,3.69,14.896,92.644,381.7,60.0,97.9,High,ok,260
Naftifine,4.985,3.693,2.013,97.994,287.4,87.8,97.9,High,ok,261
Imlunestrant,6.388,3.672,7.606,99.431,524.5,64.8,97.9,High,ok,262
Tafluprost,4.683,3.68,3.731,95.916,452.5,77.1,97.9,High,ok,263
Valrubicin,2.462,3.682,14.209,100.031,723.6,60.0,97.9,High,domain-edge (prediction unreliable),264
Zuclopenthixol,4.236,3.667,18.789,98.957,401.0,60.0,97.9,High,ok,265
Thioridazine,5.886,3.669,9.458,100.151,370.6,61.0,97.9,High,ok,266
Telaprevir,2.446,3.652,2.113,96.695,679.9,87.0,97.8,High,domain-edge (prediction unreliable),267
Lemborexant,3.742,3.659,2.83,97.395,410.4,81.9,97.8,High,ok,268
Lindane,3.644,3.635,9.614,85.249,290.8,60.7,97.8,High,ok,269
Arzoxifene,6.94,3.657,9.856,101.627,475.6,60.3,97.8,High,ok,270
Fluticasone,3.469,3.643,1.073,90.406,444.5,98.8,97.8,High,ok,271
Triclosan,5.145,3.646,13.781,94.562,289.5,60.0,97.8,High,ok,272
Cobicistat,6.001,3.63,3.154,101.301,776.0,80.0,97.8,High,domain-edge (prediction unreliable),273
Glyceryl monostearate,5.144,3.612,9.867,103.805,358.6,60.2,97.7,High,ok,274
Rilpivirine,4.989,3.611,2.415,98.522,366.4,84.7,97.7,High,ok,275
Remibrutinib,4.465,3.621,5.358,97.02,507.5,70.8,97.7,High,ok,276
Belumosudil,4.82,3.626,4.434,101.665,452.5,74.1,97.7,High,ok,277
Nimodipine,2.971,3.604,5.094,97.757,418.4,71.7,97.7,High,ok,278
Flibanserin,3.171,3.617,3.345,101.242,390.4,79.0,97.7,High,ok,279
Clomifene,6.563,3.61,18.205,96.033,406.0,60.0,97.7,High,ok,280
Mizolastine,3.412,3.626,-1.684,101.456,432.5,100.0,97.7,High,ok,281
Conivaptan,6.507,3.606,-4.704,102.132,498.6,100.0,97.7,High,ok,282
Lasofoxifene,5.729,3.629,6.313,100.529,413.6,68.0,97.7,High,ok,283
Ditiocarb zinc,2.318,3.626,7.595,87.745,148.3,64.8,97.7,High,ok,284
Prednisolone tebutate,3.545,3.627,0.768,100.4,458.6,100.0,97.7,High,ok,285
Testosterone propionate,4.84,3.627,0.735,99.4,344.5,100.0,97.7,High,ok,286
Bazedoxifene,6.331,3.585,8.025,99.441,470.6,63.8,97.6,High,ok,287
Estradiol acetate,3.829,3.572,2.45,97.95,314.4,84.4,97.6,High,ok,288
Oxybutynin,3.343,3.575,10.082,93.966,357.5,60.0,97.6,High,ok,289
DL-dimyristoylphosphatidylcholine,9.051,3.589,16.101,99.831,677.9,60.0,97.6,High,domain-edge (prediction unreliable),290
Ticagrelor,2.014,3.578,15.564,99.105,522.6,60.0,97.6,High,ok,291
Adagrasib,4.733,3.587,7.646,99.407,604.1,64.7,97.6,High,domain-edge (prediction unreliable),292
Ponesimod,4.267,3.587,2.148,104.464,461.0,86.7,97.6,High,ok,293
Chlormadinone acetate,4.752,3.568,1.458,101.844,404.9,93.5,97.6,High,ok,294
Sertindole,4.628,3.577,13.858,97.512,441.0,60.0,97.6,High,ok,295
4-(Isopropylamino)diphenylamine,4.251,3.538,17.144,94.884,226.3,60.0,97.5,High,ok,296
Bisacodyl,4.112,3.556,0.722,96.732,361.4,100.0,97.5,High,ok,297
Paricalcitol,5.561,3.565,4.439,93.388,416.6,74.1,97.5,High,ok,298
Zongertinib,4.422,3.551,6.903,97.511,535.6,66.4,97.5,High,ok,299
Trifluoperazine,4.946,3.543,11.819,98.432,407.5,60.0,97.5,High,ok,300
Tacrolimus,4.639,3.559,3.231,100.216,804.0,79.6,97.5,High,domain-edge (prediction unreliable),301
Etonogestrel,4.049,3.558,1.295,93.575,324.5,95.5,97.5,High,ok,302
Cetyl alcohol,5.46,3.565,14.424,96.83,242.4,60.0,97.5,High,ok,303
Dienestrol,4.605,3.555,0.15,96.292,266.3,100.0,97.5,High,ok,304
Daridorexant,4.265,3.55,2.741,100.209,450.9,82.5,97.5,High,ok,305
Amiodarone,6.936,3.561,43.286,91.314,645.3,60.0,97.5,High,domain-edge (prediction unreliable),306
"2,2'-Dibenzothiazyl disulfide",5.705,3.557,6.795,97.33,332.5,66.7,97.5,High,ok,307
Terfenadine,6.446,3.539,7.656,97.39,471.7,64.6,97.5,High,ok,308
Piperaquine,5.424,3.528,25.684,96.271,535.5,60.0,97.4,High,ok,309
Maralixibat,6.625,3.528,12.647,101.538,675.0,60.0,97.4,High,domain-edge (prediction unreliable),310
Phenoxybenzamine,4.195,3.528,5.471,91.497,303.8,70.5,97.4,High,ok,311
Axitinib,4.639,3.522,2.732,99.612,386.5,82.5,97.4,High,ok,312
Tenapanor,6.157,3.53,29.831,96.551,1145.1,60.0,97.4,High,domain-edge (prediction unreliable),313
Flutemetamol (18F),3.85,3.51,7.633,97.485,273.3,64.7,97.4,High,ok,314
Butaperazine,4.91,3.526,9.697,99.901,409.6,60.5,97.4,High,ok,315
Nefazodone,3.552,3.534,5.265,99.524,470.0,71.1,97.4,High,ok,316
Bitolterol,5.163,3.535,4.678,103.889,461.6,73.2,97.4,High,ok,317
Etofamide,4.556,3.518,4.689,97.911,427.3,73.2,97.4,High,ok,318
Chlorprothixene,5.188,3.51,15.301,96.177,315.9,60.0,97.4,High,ok,319
Ezetimibe,4.888,3.491,1.944,96.134,409.4,88.5,97.3,High,ok,320
Flurpiridaz F-18,3.717,3.485,2.495,96.098,367.8,84.1,97.3,High,ok,321
Zotepine,4.881,3.484,13.076,97.962,331.9,60.0,97.3,High,ok,322
Distearyldimonium,13.586,3.501,31.615,95.914,551.1,60.0,97.3,High,ok,323
Prochlorperazine,4.58,3.487,13.923,96.899,374.0,60.0,97.3,High,ok,324
alpha-Tocopherol succinate,8.905,3.508,8.252,107.364,530.8,63.3,97.3,High,ok,325
Perflexane,4.652,3.492,10.037,87.455,338.0,60.0,97.3,High,ok,326
Paclitaxel,3.736,3.495,2.837,105.542,853.9,81.9,97.3,High,domain-edge (prediction unreliable),327
Elacestrant,5.852,3.483,11.492,100.252,458.6,60.0,97.3,High,ok,328
Boscalid,5.308,3.498,5.707,98.106,343.2,69.7,97.3,High,ok,329
Amiloxate,3.298,3.494,2.457,95.904,248.3,84.4,97.3,High,ok,330
Bioallethrin,4.002,3.492,1.752,88.62,302.4,90.3,97.3,High,ok,331
Levoketoconazole,4.206,3.502,11.555,95.56,531.4,60.0,97.3,High,ok,332
Syrosingopine,4.698,3.505,4.745,103.563,666.7,73.0,97.3,High,domain-edge (prediction unreliable),333
Beclomethasone dipropionate,4.087,3.464,1.538,101.822,521.1,92.5,97.2,High,ok,334
Infigratinib,5.354,3.478,15.599,96.098,560.5,60.0,97.2,High,ok,335
Dioxybenzone,2.337,3.466,0.941,99.476,244.2,100.0,97.2,High,ok,336
Levonorgestrel,3.883,3.463,1.592,93.256,312.5,91.9,97.2,High,ok,337
Florbetaben F-18,4.28,3.464,14.276,94.932,358.4,60.0,97.2,High,ok,338
Candesartan cilexetil,6.319,3.47,-9.07,110.269,610.7,100.0,97.2,High,domain-edge (prediction unreliable),339
Rupatadine,5.635,3.472,10.836,94.022,416.0,60.0,97.2,High,ok,340
Tezacaftor,3.395,3.463,10.095,98.867,520.5,60.0,97.2,High,ok,341
Stanozolol,4.118,3.448,7.922,97.037,328.5,64.0,97.1,High,ok,342
Tazemetostat,4.735,3.45,13.8,96.675,572.8,60.0,97.1,High,ok,343
Pregnenolone,4.515,3.45,1.934,92.682,316.5,88.5,97.1,High,ok,344
Clobetasol propionate,4.103,3.452,1.811,96.597,467.0,89.7,97.1,High,ok,345
Ditazole,2.8,3.443,3.553,98.473,324.4,78.0,97.1,High,ok,346
Isradipine,2.582,3.431,1.467,102.185,371.4,93.3,97.1,High,ok,347
Desoxycorticosterone acetate,4.267,3.441,-1.629,99.641,372.5,100.0,97.1,High,ok,348
Futibatinib,1.785,3.454,4.989,99.973,418.5,72.1,97.1,High,ok,349
Lovastatin,4.196,3.449,3.963,98.308,404.5,76.1,97.1,High,ok,350
Chlorothymol,3.477,3.445,7.099,83.147,184.7,66.0,97.1,High,ok,351
Voxilaprevir,4.957,3.438,-1.75,104.527,868.9,100.0,97.1,High,domain-edge (prediction unreliable),352
Estradiol,3.609,3.437,3.067,95.068,272.4,80.5,97.1,High,ok,353
Estrone,3.817,3.435,1.117,94.695,270.4,98.1,97.1,High,ok,354
Amylmetacresol,3.433,3.431,3.686,87.592,178.3,77.3,97.1,High,ok,355
Segesterone acetate,4.185,3.413,-1.289,99.631,370.5,100.0,97.0,High,ok,356
Ponatinib,4.456,3.413,13.112,98.499,532.6,60.0,97.0,High,ok,357
Acetyldigitoxin,3.818,3.429,4.897,101.143,807.0,72.4,97.0,High,domain-edge (prediction unreliable),358
Flortaucipir F-18,3.917,3.409,7.058,96.753,262.3,66.1,97.0,High,ok,359
Artemotil,3.231,3.428,6.673,87.52,312.4,67.0,97.0,High,ok,360
Ciprocinonide,3.328,3.413,2.341,96.999,520.6,85.2,97.0,High,ok,361
Nilotinib,6.356,3.418,4.116,96.087,529.5,75.4,97.0,High,ok,362
Zuranolone,4.344,3.413,0.388,99.971,409.6,100.0,97.0,High,ok,363
Terconazole,4.463,3.415,17.649,95.639,532.5,60.0,97.0,High,ok,364
P-nitrobiphenyl,3.262,3.413,-0.509,94.119,199.2,100.0,97.0,High,ok,365
Dabrafenib,5.365,3.417,-2.449,102.707,519.6,100.0,97.0,High,ok,366
Dicyclomine,4.402,3.409,15.026,88.029,309.5,60.0,97.0,High,ok,367
Medroxyprogesterone acetate,4.655,3.421,-1.038,100.976,386.5,100.0,97.0,High,ok,368
Saquinavir,3.092,3.412,-0.511,103.235,670.9,100.0,97.0,High,domain-edge (prediction unreliable),369
Loteprednol etabonate,3.917,3.406,2.486,98.44,467.0,84.2,97.0,High,ok,370
Prazepam,3.934,3.385,3.084,98.258,324.8,80.4,96.9,High,ok,371
Norethynodrel,3.637,3.386,0.133,93.049,298.4,100.0,96.9,High,ok,372
Hydrocortisone probutate,4.094,3.391,-0.362,102.051,488.6,100.0,96.9,High,ok,373
Troglitazone,4.374,3.401,-3.214,103.49,441.5,100.0,96.9,High,ok,374
Brexanolone,4.595,3.393,3.015,94.458,318.5,80.8,96.9,High,ok,375
Daclatasvir,6.222,3.402,0.084,101.514,738.9,100.0,96.9,High,domain-edge (prediction unreliable),376
Fluphenazine,4.308,3.397,13.514,98.032,437.5,60.0,96.9,High,ok,377
Etripamil,4.862,3.386,4.143,94.162,452.6,75.3,96.9,High,ok,378
Fluclorolone acetonide,3.883,3.4,5.478,96.918,487.4,70.5,96.9,High,ok,379
Ganaxolone,4.985,3.393,3.392,92.619,332.5,78.8,96.9,High,ok,380
Suzetrigine,3.546,3.383,1.171,93.643,473.4,97.3,96.9,High,ok,381
Ketoconazole,4.206,3.386,11.75,94.463,531.4,60.0,96.9,High,ok,382
Rolapitant,5.73,3.382,4.262,98.296,500.5,74.8,96.9,High,ok,383
Methyl undecenoyl leucinate,3.997,3.382,4.96,93.889,311.5,72.2,96.9,High,ok,384
Larotrectinib,2.948,3.382,7.274,94.087,428.4,65.5,96.9,High,ok,385
Travoprost,4.427,3.388,5.343,96.708,500.6,70.9,96.9,High,ok,386
Bosutinib,5.19,3.391,16.92,98.577,530.5,60.0,96.9,High,ok,387
Megestrol acetate,4.575,3.393,-0.982,99.841,384.5,100.0,96.9,High,ok,388
Benziodarone,5.141,3.373,16.182,96.741,518.1,60.0,96.8,High,ok,389
Raloxifene,6.075,3.373,9.778,99.128,473.6,60.4,96.8,High,ok,390
Melphalan flufenamide,3.27,3.363,3.886,93.719,498.4,76.4,96.8,High,ok,391
Nilvadipine,2.458,3.373,0.286,102.45,385.4,100.0,96.8,High,ok,392
Trimebutine,3.736,3.372,1.108,94.523,387.5,98.2,96.8,High,ok,393
Megestrol,4.005,3.37,-0.17,92.954,342.5,100.0,96.8,High,ok,394
Levomenol,4.23,3.375,4.924,85.193,222.4,72.3,96.8,High,ok,395
Ivosidenib,4.325,3.38,-1.032,98.038,583.0,100.0,96.8,High,ok,396
Tibolone,3.883,3.366,1.045,93.218,312.5,99.2,96.8,High,ok,397
Benzyl benzoate,3.044,3.374,-1.339,92.164,212.2,100.0,96.8,High,ok,398
Gestrinone,3.723,3.346,0.955,92.862,308.4,100.0,96.7,High,ok,399
Anethole trithione,4.215,3.347,3.016,99.601,240.4,80.8,96.7,High,ok,400
Cinacalcet,6.142,3.355,7.712,98.996,357.4,64.5,96.7,High,ok,401
Bepridil,4.83,3.344,6.246,91.964,366.5,68.2,96.7,High,ok,402
Oxyphenisatin acetate,3.824,3.341,-4.372,99.633,401.4,100.0,96.7,High,ok,403
Phenprocoumon,4.041,3.348,2.284,98.211,280.3,85.7,96.7,High,ok,404
Asciminib,3.463,3.345,8.338,96.82,449.8,63.2,96.7,High,ok,405
Progesterone,4.724,3.345,-0.543,93.503,314.5,100.0,96.7,High,ok,406
Anthralin,2.233,3.336,2.191,98.789,226.2,86.4,96.7,High,ok,407
Oxybenzone,2.632,3.349,0.751,97.653,228.2,100.0,96.7,High,ok,408
Ibrexafungerp,8.618,3.348,4.216,106.689,730.1,75.0,96.7,High,domain-edge (prediction unreliable),409
Ticlopidine,3.96,3.335,7.381,89.772,263.8,65.3,96.6,High,ok,410
Sibutramine,4.738,3.328,12.157,87.3,279.9,60.0,96.6,High,ok,411
Dacomitinib,5.155,3.324,16.785,92.83,469.9,60.0,96.6,High,ok,412
Etifoxine,4.231,3.315,6.006,94.973,300.8,68.9,96.6,High,ok,413
Tucatinib,5.094,3.333,6.838,97.432,480.5,66.6,96.6,High,ok,414
Atogepant,3.948,3.315,3.218,92.751,603.5,79.7,96.6,High,domain-edge (prediction unreliable),415
Trametinib,3.94,3.327,10.344,94.703,615.4,60.0,96.6,High,domain-edge (prediction unreliable),416
Perphenazine,3.943,3.326,16.247,96.853,404.0,60.0,96.6,High,ok,417
Mifamurtide,1.152,3.334,5.493,105.365,1236.5,70.4,96.6,High,domain-edge (prediction unreliable),418
Nitrendipine,2.566,3.321,1.153,99.33,360.4,97.5,96.6,High,ok,419
Florbetapir F-18,3.675,3.3,15.211,92.387,359.4,60.0,96.5,High,ok,420
Propofol,3.639,3.303,3.306,78.526,178.3,79.2,96.5,High,ok,421
Rescinnamine,4.571,3.301,3.047,101.591,634.7,80.6,96.5,High,domain-edge (prediction unreliable),422
Montelukast,8.948,3.31,-0.138,105.041,586.2,100.0,96.5,High,ok,423
Amcinonide,3.524,3.307,0.622,97.393,502.6,100.0,96.5,High,ok,424
Difluprednate,3.52,3.298,0.286,100.013,508.6,100.0,96.5,High,ok,425
Triflupromazine,5.26,3.274,11.18,97.05,352.4,60.0,96.4,High,ok,426
Pretomanid,2.668,3.29,0.315,96.55,359.3,100.0,96.4,High,ok,427
Hexetidine,4.712,3.282,14.66,90.699,339.6,60.0,96.4,High,ok,428
Mibefradil,5.271,3.278,14.808,94.59,495.6,60.0,96.4,High,ok,429
Riluzole,2.777,3.283,5.901,94.458,234.2,69.2,96.4,High,ok,430
Clothiapine,4.13,3.29,10.083,95.285,343.9,60.0,96.4,High,ok,431
Etrasimod,6.928,3.288,-0.389,103.935,457.5,100.0,96.4,High,ok,432
Flavone,3.46,3.29,0.53,96.55,222.2,100.0,96.4,High,ok,433
Piperonyl butoxide,3.718,3.279,11.6,90.768,338.4,60.0,96.4,High,ok,434
Sotagliflozin,3.173,3.278,6.125,98.923,424.9,68.5,96.4,High,ok,435
Deuruxolitinib,3.466,3.265,-3.786,97.281,314.4,100.0,96.3,High,ok,436
Ulobetasol,3.09,3.252,0.941,87.311,428.9,100.0,96.3,High,ok,437
Sildenafil,1.611,3.266,1.647,100.711,474.6,91.3,96.3,High,ok,438
Benzylparaben,2.749,3.27,-1.712,92.919,228.2,100.0,96.3,High,ok,439
Darunavir,2.375,3.259,2.275,94.443,547.7,85.7,96.3,High,ok,440
Alpelisib,3.835,3.259,2.8,96.813,441.5,82.1,96.3,High,ok,441
Vilazodone,4.03,3.268,8.344,99.42,441.5,63.1,96.3,High,ok,442
Perflenapent,4.017,3.271,9.925,83.383,288.0,60.1,96.3,High,ok,443
Prenylamine,5.429,3.258,4.392,95.795,329.5,74.3,96.3,High,ok,444
Prednicarbate,3.699,3.267,0.658,100.563,488.6,100.0,96.3,High,ok,445
Reserpine,4.171,3.264,4.054,101.701,608.7,75.7,96.3,High,domain-edge (prediction unreliable),446
Gefitinib,4.276,3.267,19.836,93.225,446.9,60.0,96.3,High,ok,447
Adapalene,6.681,3.245,-8.838,108.768,412.5,100.0,96.2,High,ok,448
Simeprevir,5.254,3.236,-1.724,103.191,750.0,100.0,96.2,High,domain-edge (prediction unreliable),449
Phenyl salicylate,2.611,3.25,-1.05,91.873,214.2,100.0,96.2,High,ok,450
Procinonide,3.328,3.246,2.264,94.756,508.6,85.8,96.2,High,ok,451
Clotiazepam,3.778,3.24,1.909,98.579,318.8,88.8,96.2,High,ok,452
Trioxsalen,3.464,3.244,6.974,94.501,228.2,66.3,96.2,High,ok,453
Dipyridamole,-0.018,3.248,8.267,94.143,504.6,63.3,96.2,High,ok,454
Fendiline,5.559,3.246,5.15,95.186,315.5,71.5,96.2,High,ok,455
Enasidenib,4.293,3.233,8.739,94.018,473.4,62.3,96.2,High,ok,456
Leniolisib,2.885,3.25,10.946,90.374,450.5,60.0,96.2,High,ok,457
Thiothixene,3.471,3.247,8.633,96.388,443.6,62.6,96.2,High,ok,458
alpha-Amyl cinnamaldehyde,3.849,3.238,1.578,87.195,202.3,92.1,96.2,High,ok,459
Venetoclax,8.66,3.233,0.121,102.621,868.5,100.0,96.2,High,domain-edge (prediction unreliable),460
Neratinib,5.932,3.249,11.423,96.612,557.1,60.0,96.2,High,ok,461
Hexylresorcinol,3.221,3.239,3.581,87.785,194.3,77.8,96.2,High,ok,462
Deserpidine,4.163,3.249,3.392,101.096,578.7,78.8,96.2,High,ok,463
Floctafenine,3.507,3.233,6.968,99.908,406.4,66.3,96.2,High,ok,464
Loxapine,3.771,3.221,12.149,93.788,327.8,60.0,96.1,High,ok,465
Nintedanib,3.616,3.228,3.468,100.196,539.6,78.4,96.1,High,ok,466
Mometasone,3.412,3.213,1.731,90.431,427.4,90.5,96.1,High,ok,467
Duvelisib,4.484,3.231,5.484,98.018,416.9,70.4,96.1,High,ok,468
Papaverine,3.86,3.218,-0.225,95.462,339.4,100.0,96.1,High,ok,469
Loperamide,5.088,3.229,10.177,92.273,477.0,60.0,96.1,High,ok,470
Olutasidenib,2.925,3.215,8.42,95.974,354.8,63.0,96.1,High,ok,471
Halazepam,4.086,3.217,3.512,95.499,352.7,78.2,96.1,High,ok,472
Selpercatinib,3.284,3.211,1.885,100.938,525.6,89.0,96.0,High,ok,473
Metergoline,4.065,3.207,3.213,95.199,403.5,79.7,96.0,High,ok,474
Artemether,2.841,3.212,5.422,84.806,298.4,70.6,96.0,High,ok,475
Methotrimeprazine,4.496,3.21,8.065,95.736,328.5,63.7,96.0,High,ok,476
Benfluorex,4.083,3.198,4.745,96.386,351.4,73.0,96.0,High,ok,477
Rimexolone,4.497,3.21,1.265,91.23,370.5,95.9,96.0,High,ok,478
Dydrogesterone,4.5,3.203,-0.454,91.208,312.5,100.0,96.0,High,ok,479
Avatrombopag,6.581,3.204,3.94,103.81,649.7,76.2,96.0,High,domain-edge (prediction unreliable),480
Deutivacaftor,5.081,3.2,-8.425,106.109,401.6,100.0,96.0,High,ok,481
Isoflavone,3.46,3.212,-0.917,94.728,222.2,100.0,96.0,High,ok,482
Nomegestrol acetate,4.185,3.204,-1.152,96.727,370.5,100.0,96.0,High,ok,483
Abemaciclib,4.937,3.203,21.77,89.483,506.6,60.0,96.0,High,ok,484
Osimertinib,4.51,3.198,13.553,95.378,499.6,60.0,96.0,High,ok,485
Rotigotine,4.266,3.207,5.299,88.841,315.5,71.0,96.0,High,ok,486
Chlorpromazine,4.894,3.211,13.293,95.132,318.9,60.0,96.0,High,ok,487
Afatinib,4.39,3.202,17.242,92.584,485.9,60.0,96.0,High,ok,488
Vericiguat,2.557,3.18,0.748,95.62,426.4,100.0,95.9,High,ok,489
Monobenzone,2.971,3.191,0.499,87.431,200.2,100.0,95.9,High,ok,490
Propiomazine,4.832,3.178,7.428,94.189,340.5,65.2,95.9,High,ok,491
Siponimod,6.773,3.191,-0.706,102.745,516.6,100.0,95.9,High,ok,492
Paritaprevir,3.637,3.18,-8.083,104.288,765.9,100.0,95.9,High,domain-edge (prediction unreliable),493
Norelgestromin,4.144,3.18,-0.433,98.166,327.5,100.0,95.9,High,ok,494
Canagliflozin,2.968,3.19,5.015,99.215,444.5,72.0,95.9,High,ok,495
Amprenavir,2.403,3.19,1.718,93.113,505.6,90.6,95.9,High,ok,496
Erlotinib,3.405,3.177,14.597,94.821,393.4,60.0,95.9,High,ok,497
Selumetinib,3.526,3.168,15.75,92.81,457.7,60.0,95.8,High,ok,498
Thiram,2.061,3.169,2.304,84.777,240.4,85.5,95.8,High,ok,499
Telotristat ethyl,4.989,3.173,8.758,97.752,575.0,62.3,95.8,High,ok,500
Asenapine,4.259,3.172,14.095,86.406,285.8,60.0,95.8,High,ok,501
Thallous chloride Tl-201,0.309,3.172,3.105,77.834,236.4,80.3,95.8,High,ok,502
Bexarotene,6.104,3.172,-4.568,107.215,348.5,100.0,95.8,High,ok,503
Halcinonide,3.889,3.17,2.622,87.149,455.0,83.3,95.8,High,ok,504
Lusutrombopag,8.524,3.153,3.839,103.133,591.6,76.6,95.7,High,ok,505
Nomegestrol,3.614,3.146,-0.147,88.436,328.5,100.0,95.7,High,ok,506
Norgestimate,4.715,3.148,-1.855,102.914,369.5,100.0,95.7,High,ok,507
Brigatinib,5.09,3.153,18.566,91.575,584.1,60.0,95.7,High,ok,508
Iloperidone,4.827,3.157,9.468,95.861,426.5,61.0,95.7,High,ok,509
Pimavanserin,4.667,3.15,7.518,90.534,427.6,65.0,95.7,High,ok,510
Lansoprazole,3.515,3.152,0.023,96.224,369.4,100.0,95.7,High,ok,511
Phenylethyl resorcinol,3.25,3.144,1.94,86.4,214.3,88.5,95.7,High,ok,512
Aprepitant,4.952,3.144,-2.159,102.82,534.4,100.0,95.7,High,ok,513
Albendazole,3.243,3.151,6.993,97.233,265.3,66.2,95.7,High,ok,514
Laurocapram,5.31,3.128,9.439,87.289,281.5,61.0,95.6,High,ok,515
Fruquintinib,3.854,3.125,4.248,97.176,393.4,74.9,95.6,High,ok,516
Dihydroergocristine,2.717,3.129,4.286,94.872,611.7,74.7,95.6,High,domain-edge (prediction unreliable),517
Glafenine,3.142,3.135,11.778,98.48,372.8,60.0,95.6,High,ok,518
Bromhexine,4.558,3.125,13.898,88.198,376.1,60.0,95.6,High,ok,519
Amodiaquine,5.179,3.129,28.024,88.77,355.9,60.0,95.6,High,ok,520
Norethisterone,3.493,3.139,0.317,89.494,298.4,100.0,95.6,High,ok,521
Flubendazole,3.111,3.114,3.387,98.57,313.3,78.8,95.5,High,ok,522
Leflunomide,3.254,3.108,4.905,93.546,270.2,72.4,95.5,High,ok,523
Avanafil,2.432,3.123,5.132,94.024,484.0,71.6,95.5,High,ok,524
Dexlansoprazole,3.515,3.123,0.207,94.473,369.4,100.0,95.5,High,ok,525
Metixene,5.015,3.122,9.997,88.034,309.5,60.0,95.5,High,ok,526
Danicopan,3.74,3.121,0.349,97.711,580.4,100.0,95.5,High,ok,527
Cariprazine,4.336,3.118,11.992,89.855,427.4,60.0,95.5,High,ok,528
Clobetasone,3.35,3.121,-0.802,87.464,408.9,100.0,95.5,High,ok,529
Pinaverium,5.292,3.11,17.12,91.084,511.5,60.0,95.5,High,ok,530
Domperidone,3.353,3.122,9.615,94.963,425.9,60.7,95.5,High,ok,531
Nonivamide,3.768,3.109,2.383,92.614,293.4,84.9,95.5,High,ok,532
Valproate bismuth,2.477,3.11,3.328,104.474,143.2,79.1,95.5,High,ok,533
Selinexor,3.387,3.104,1.821,95.767,443.3,89.6,95.4,High,ok,534
Palovarotene,6.149,3.102,-4.147,105.954,414.5,100.0,95.4,High,ok,535
Morpholinylmercaptobenzothiazole,2.636,3.093,2.501,87.212,252.4,84.1,95.4,High,ok,536
Clomipramine,4.528,3.077,12.333,93.992,314.9,60.0,95.3,High,ok,537
Sertraline,5.18,3.088,14.147,92.758,306.2,60.0,95.3,High,ok,538
Clobetasol,3.142,3.082,0.841,85.696,410.9,100.0,95.3,High,ok,539
Nabumetone,3.37,3.081,-0.931,91.872,228.3,100.0,95.3,High,ok,540
Deutetrabenazine,3.238,3.059,0.737,91.63,323.5,100.0,95.2,High,ok,541
Capsaicin,3.79,3.062,0.99,91.125,305.4,100.0,95.2,High,ok,542
Isavuconazole,4.243,3.062,2.306,92.5,437.5,85.5,95.2,High,ok,543
Midazolam,4.324,3.059,4.524,90.925,325.8,73.8,95.2,High,ok,544
Vinblastine,3.991,3.067,11.291,96.644,811.0,60.0,95.2,High,domain-edge (prediction unreliable),545
Tideglusib,3.262,3.066,-7.001,102.522,334.4,100.0,95.2,High,ok,546
Bisoxatin,3.373,3.068,-2.627,97.654,333.3,100.0,95.2,High,ok,547
Chlorcyclizine,3.677,3.069,10.084,89.22,300.8,60.0,95.2,High,ok,548
Avapritinib,2.608,3.054,4.945,92.366,498.6,72.2,95.1,High,ok,549
Betulinic Acid,7.09,3.045,-1.862,105.735,456.7,100.0,95.1,High,ok,550
Dasabuvir,4.024,3.055,-7.857,104.378,493.6,100.0,95.1,High,ok,551
Latanoprost,4.186,3.046,5.077,88.982,432.6,71.8,95.1,High,ok,552
Digitoxin,3.247,3.055,5.259,96.698,765.0,71.2,95.1,High,domain-edge (prediction unreliable),553
Pirtobrutinib,3.432,3.056,0.27,95.056,479.4,100.0,95.1,High,ok,554
Quinupramine,4.018,3.048,2.487,89.679,304.4,84.2,95.1,High,ok,555
Flavoxate,4.411,3.054,6.625,96.12,391.5,67.2,95.1,High,ok,556
Darifenacin,3.958,3.044,-1.598,96.467,426.6,100.0,95.1,High,ok,557
Lenvatinib,4.072,3.044,5.43,95.452,426.9,70.6,95.1,High,ok,558
Benzophenone,2.918,3.058,1.573,87.948,182.2,92.1,95.1,High,ok,559
Latanoprostene bunod,3.767,3.05,2.993,94.065,507.6,81.0,95.1,High,ok,560
Clemastine,5.104,3.03,10.746,93.464,343.9,60.0,95.0,High,ok,561
Terbinafine,4.877,3.036,4.316,89.825,291.4,74.6,95.0,High,ok,562
Dantron,1.873,3.037,3.724,99.29,240.2,77.2,95.0,High,ok,563
Macitentan,3.573,3.036,0.818,101.172,588.3,100.0,95.0,High,ok,564
Novobiocin,3.627,3.042,3.538,100.754,612.6,78.0,95.0,High,domain-edge (prediction unreliable),565
Idelalisib,3.754,3.031,4.284,95.757,415.4,74.7,95.0,High,ok,566
Ingenol mebutate,2.332,3.038,3.615,84.98,430.5,77.7,95.0,High,ok,567
Isoxaflutole,3.205,3.032,2.708,95.8,359.3,82.7,95.0,High,ok,568
Zucapsaicin,3.79,3.043,1.026,89.709,305.4,99.6,95.0,High,ok,569
Tirbanibulin,3.319,3.013,3.606,95.34,431.5,77.7,94.9,High,ok,570
Gemeprost,3.976,3.027,2.856,84.555,394.6,81.8,94.9,High,ok,571
Benzoyl peroxide,2.615,3.027,-2.133,97.114,242.2,100.0,94.9,High,ok,572
Oxyphenisatin,3.384,3.024,-1.884,92.286,317.3,100.0,94.9,High,ok,573
Flutamide,3.208,3.026,3.45,86.546,276.2,78.5,94.9,High,ok,574
Profenamine,5.02,3.024,14.982,86.697,312.5,60.0,94.9,High,ok,575
Dihydro-alpha-ergocryptine,2.521,3.024,7.994,89.523,577.7,63.9,94.9,High,ok,576
Pergolide,4.271,3.022,11.183,87.54,314.5,60.0,94.9,High,ok,577
Drospirenone,4.306,3.019,-0.548,96.626,366.5,100.0,94.9,High,ok,578
Remdesivir,2.312,3.0,3.875,90.46,602.6,76.5,94.8,High,domain-edge (prediction unreliable),579
Clofibrate,3.061,2.999,6.622,88.318,242.7,67.1,94.8,High,ok,580
Lumateperone,3.917,2.999,6.494,86.139,393.5,67.5,94.8,High,ok,581
"1,2-dichlorobenzene",2.993,3.011,10.076,73.225,147.0,60.0,94.8,High,ok,582
Perampanel,4.438,3.008,-4.347,97.034,349.4,100.0,94.8,High,ok,583
Moricizine,4.107,3.0,6.62,94.979,427.5,67.2,94.8,High,ok,584
Boceprevir,1.711,2.999,-0.417,90.296,519.7,100.0,94.8,High,ok,585
Ergotamine,1.991,2.996,2.233,93.147,581.7,85.9,94.7,High,ok,586
Epicriptine,2.521,2.993,7.436,88.538,577.7,65.0,94.7,High,ok,587
Perflubutane,3.382,2.993,9.395,77.98,238.0,60.9,94.7,High,ok,588
Pyrvinium,5.308,2.989,16.313,89.833,382.5,59.8,94.7,High,ok,589
Tafenoquine,5.911,2.983,19.614,96.787,463.5,59.7,94.6,High,ok,590
Pimethixene,4.679,2.98,6.39,88.992,293.4,67.3,94.6,High,ok,591
Chlorquinaldol,3.556,2.984,9.257,88.226,228.1,61.0,94.6,High,ok,592
Hydroxydione,3.776,2.98,1.01,92.718,332.5,99.2,94.6,High,ok,593
Cupric oxide,-0.121,2.966,0.983,84.905,63.5,98.9,94.5,High,domain-edge (prediction unreliable),594
Grazoprevir,3.302,2.964,-4.366,104.071,766.9,98.8,94.5,High,domain-edge (prediction unreliable),595
Pizotifen,4.374,2.958,4.812,89.998,295.5,71.7,94.5,High,ok,596
Trazodone,2.362,2.964,6.809,88.766,371.9,65.9,94.5,High,ok,597
Methylprednisolone aceponate,3.335,2.968,-0.535,98.346,472.6,98.9,94.5,High,ok,598
Nonoxynol-9,4.484,2.958,24.141,82.691,616.8,59.2,94.5,High,domain-edge (prediction unreliable),599
Carphenazine,3.882,2.967,11.364,95.052,425.6,59.3,94.5,High,ok,600
Nicergoline,3.911,2.948,9.744,93.486,484.4,59.4,94.4,High,ok,601
Efavirenz,4.073,2.955,8.058,91.33,315.7,62.8,94.4,High,ok,602
Ruxolitinib,3.466,2.945,7.365,91.946,306.4,64.1,94.4,High,ok,603
Ubrogepant,3.531,2.955,0.074,94.473,549.6,98.5,94.4,High,ok,604
Fluindione,2.989,2.943,0.292,86.893,240.2,98.1,94.4,High,ok,605
Cyclandelate,3.478,2.953,2.985,86.292,276.4,79.7,94.4,High,ok,606
Iron sucrose,-15.001,2.948,4.454,109.91,342.3,72.8,94.4,High,ok,607
Clozapine,3.723,2.932,13.22,90.93,326.8,58.6,94.3,High,ok,608
Lenacapavir,7.663,2.938,-5.371,99.728,968.3,97.9,94.3,High,domain-edge (prediction unreliable),609
Clascoterone,3.772,2.94,0.412,97.109,402.5,98.0,94.3,High,ok,610
Zanubrutinib,4.223,2.93,1.777,97.07,471.6,87.9,94.3,High,ok,611
Carvedilol,3.738,2.923,5.012,102.949,406.5,70.2,94.2,High,ok,612
Lazertinib,4.104,2.925,7.821,92.166,554.7,62.7,94.2,High,ok,613
Acetomenaphthone,2.999,2.92,-0.216,88.615,258.3,97.3,94.2,High,ok,614
Salicylanilide,2.645,2.917,1.377,87.667,213.2,91.8,94.2,High,ok,615
Cilostazol,3.465,2.917,-1.447,98.205,369.5,97.2,94.2,High,ok,616
Verapamil,5.093,2.906,4.232,83.553,454.6,72.6,94.1,High,ok,617
Vimseltinib,3.559,2.905,12.065,93.247,431.5,58.1,94.1,High,ok,618
Delavirdine,2.717,2.907,6.615,94.477,456.6,65.1,94.1,High,ok,619
Ezogabine,3.588,2.913,8.28,88.918,303.3,61.4,94.1,High,ok,620
Mianserin,3.084,2.904,2.526,81.805,264.4,81.2,94.1,High,ok,621
Perazine,3.927,2.908,6.72,88.658,339.5,64.9,94.1,High,ok,622
Exemestane,4.03,2.907,-2.419,85.469,296.4,96.9,94.1,High,ok,623
Silver,-0.002,2.907,0.159,81.373,107.9,96.9,94.1,High,ok,624
Droperidol,3.678,2.91,1.728,92.868,379.4,87.8,94.1,High,ok,625
Phenindamine,3.921,2.915,3.581,80.307,261.4,75.6,94.1,High,ok,626
Chloroxylenol,2.662,2.902,4.764,78.545,156.6,70.5,94.0,High,ok,627
Mebendazole,2.972,2.902,1.298,98.845,295.3,92.4,94.0,High,ok,628
Vismodegib,4.711,2.901,3.355,94.83,421.3,76.4,94.0,High,ok,629
Promethazine,4.239,2.894,5.52,86.088,284.4,67.8,94.0,High,ok,630
Methdilazine,4.241,2.896,5.899,86.945,296.4,66.8,94.0,High,ok,631
Hydrocortisone valerate,3.523,2.896,0.861,94.579,446.6,96.5,94.0,High,ok,632
Butylparaben,2.349,2.897,1.042,82.676,194.2,95.9,94.0,High,ok,633
Etoricoxib,4.176,2.878,2.684,94.323,358.9,79.5,93.9,High,ok,634
Relugolix,3.751,2.881,-0.582,97.596,623.6,96.0,93.9,High,domain-edge (prediction unreliable),635
Finasteride,3.815,2.886,1.971,86.658,372.6,84.9,93.9,High,ok,636
Celecoxib,3.514,2.883,-0.261,94.319,381.4,96.1,93.9,High,ok,637
Mirdametinib,2.467,2.881,14.753,91.09,482.2,57.6,93.9,High,ok,638
Tovorafenib,3.979,2.882,3.337,94.644,506.3,76.0,93.9,High,ok,639
Brincidofovir,5.251,2.885,13.445,90.693,561.7,57.7,93.9,High,ok,640
Hydroxyzine,3.056,2.888,16.028,88.789,374.9,57.8,93.9,High,ok,641
Cisapride,3.358,2.879,11.342,92.426,466.0,57.6,93.9,High,ok,642
Apalutamide,3.532,2.878,-2.426,97.711,477.4,95.9,93.9,High,ok,643
Estramustine phosphate,5.299,2.871,2.671,97.75,520.4,79.4,93.8,High,ok,644
Pazopanib,3.139,2.877,2.611,94.618,437.5,79.9,93.8,High,ok,645
Omidenepag isopropyl,3.417,2.869,0.288,95.805,520.6,95.6,93.8,High,ok,646
Voxelotor,3.623,2.872,1.934,92.225,337.4,84.8,93.8,High,ok,647
Donepezil,4.361,2.869,2.413,87.655,379.5,81.0,93.8,High,ok,648
Maribavir,1.775,2.875,23.339,87.702,376.2,57.5,93.8,High,ok,649
Baloxavir marboxil,3.391,2.857,1.346,98.404,571.6,90.3,93.7,High,ok,650
Curcumin,3.37,2.861,-4.987,102.448,368.4,95.4,93.7,High,ok,651
Ensartinib,4.719,2.854,11.382,97.431,561.4,57.1,93.7,High,ok,652
Ertugliflozin,1.356,2.855,6.468,95.05,436.9,64.3,93.7,High,ok,653
Bromperidol,4.535,2.863,14.178,88.175,420.3,57.3,93.7,High,ok,654
Diosmetin,2.585,2.861,0.109,100.243,300.3,95.4,93.7,High,ok,655
Alimemazine,4.487,2.853,7.301,88.313,298.5,62.3,93.6,High,ok,656
Remimazolam,4.184,2.851,7.024,92.276,439.3,62.9,93.6,High,ok,657
Ferric chloride,2.066,2.846,11.597,71.894,162.2,56.9,93.6,High,ok,658
Phenolphthalein,3.56,2.852,-1.372,96.929,318.3,95.1,93.6,High,ok,659
Medrysone,3.94,2.83,-0.708,83.483,344.5,94.3,93.5,High,ok,660
Calcium undecylenate,3.705,2.83,0.197,106.829,183.3,94.3,93.5,High,ok,661
Amitriptyline,4.169,2.833,4.48,89.306,277.4,69.8,93.5,High,ok,662
Fluocinonide,2.938,2.839,0.928,88.794,494.5,94.6,93.5,High,ok,663
Trifarotene,5.988,2.84,-2.768,107.453,459.6,94.7,93.5,High,ok,664
Aurothioglycanide,1.17,2.835,0.834,90.581,166.2,94.5,93.5,High,ok,665
Chloroxine,3.247,2.824,9.171,85.787,214.1,57.9,93.4,High,ok,666
Thymol,2.824,2.827,1.267,71.118,150.2,90.4,93.4,High,ok,667
Enzalutamide,3.992,2.821,-2.12,93.883,464.4,94.0,93.4,High,ok,668
Tecovirimat,2.403,2.827,0.662,94.523,376.3,94.2,93.4,High,ok,669
Dasatinib,3.314,2.825,12.764,92.666,488.0,56.5,93.4,High,ok,670
Fluorescein,3.666,2.82,0.591,97.88,332.3,94.0,93.4,High,ok,671
Estriol,2.58,2.829,3.355,86.654,288.4,74.5,93.4,High,ok,672
Binimetinib,3.011,2.822,14.534,89.078,441.2,56.4,93.4,High,ok,673
Amsacrine,4.512,2.815,-1.058,97.302,393.5,93.8,93.3,High,ok,674
Fenpropidin,4.649,2.812,9.378,80.479,273.5,57.3,93.3,High,ok,675
Phenyl aminosalicylate,2.194,2.816,-0.239,92.889,229.2,93.9,93.3,High,ok,676
Perhexiline,5.295,2.8,6.402,90.465,277.5,63.2,93.2,High,ok,677
Vandetanib,5.004,2.805,20.419,88.325,475.4,56.1,93.2,High,ok,678
Thonzonium,8.05,2.795,20.181,91.084,511.8,55.9,93.2,High,ok,679
Stearic acid,6.333,2.795,3.119,103.555,284.5,74.8,93.2,High,ok,680
Fedratinib,4.824,2.799,13.779,92.358,524.7,56.0,93.2,High,ok,681
Pralsetinib,4.2,2.784,11.965,86.308,533.6,55.7,93.1,High,ok,682
Bexagliflozin,2.003,2.789,8.29,93.038,464.9,58.8,93.1,High,ok,683
Benzphetamine,3.75,2.788,1.346,76.862,239.4,88.1,93.1,High,ok,684
Trimipramine,4.121,2.791,4.726,87.222,294.4,67.9,93.1,High,ok,685
Doconexent,6.549,2.785,-1.334,100.77,328.5,92.8,93.1,High,ok,686
Fluorometholone,2.923,2.78,-0.358,82.298,376.5,92.7,93.0,High,ok,687
Riociguat,2.443,2.778,0.051,93.718,422.4,92.6,93.0,High,ok,688
Acalabrutinib,3.313,2.779,2.351,94.505,465.5,78.9,93.0,High,ok,689
Esomeprazole,2.9,2.78,-0.704,93.742,345.4,92.7,93.0,High,ok,690
Testosterone,3.879,2.762,0.24,82.956,288.4,92.1,92.9,High,ok,691
Dexmedetomidine,3.178,2.765,4.001,79.38,200.3,70.0,92.9,High,ok,692
Finerenone,2.986,2.77,-0.443,90.342,378.4,92.3,92.9,High,ok,693
Parthenolide,2.762,2.772,-0.399,76.602,248.3,92.4,92.9,High,ok,694
Pentazocine,3.883,2.755,2.335,76.636,285.4,78.3,92.8,High,ok,695
Prasterone,3.879,2.755,0.443,81.249,288.4,91.8,92.8,High,ok,696
Cyproheptadine,4.698,2.757,3.762,87.195,287.4,70.8,92.8,High,ok,697
Omeprazole,2.9,2.755,-1.402,96.227,345.4,91.8,92.8,High,ok,698
Tetramethylthiuram monosulfide,1.413,2.756,0.209,72.753,208.4,91.9,92.8,High,ok,699
Fusidic acid,5.666,2.747,-1.343,102.038,516.7,91.6,92.7,High,ok,700
Fosnetupitant,5.737,2.748,4.589,95.011,688.6,67.3,92.7,High,domain-edge (prediction unreliable),701
Haloperidol,4.426,2.744,13.053,86.167,375.9,54.9,92.7,High,ok,702
Mesoridazine,4.901,2.747,6.054,90.305,386.6,62.9,92.7,High,ok,703
Methyltestosterone,4.269,2.741,1.118,82.228,302.5,89.6,92.7,High,ok,704
Dextropropoxyphene,4.276,2.749,1.605,86.116,339.5,84.1,92.7,High,ok,705
Levopropoxyphene,4.276,2.742,2.073,82.13,339.5,79.8,92.7,High,ok,706
Auranofin,2.793,2.745,6.732,74.719,678.5,61.2,92.7,High,domain-edge (prediction unreliable),707
Cetalkonium,7.744,2.747,18.411,85.946,360.7,54.9,92.7,High,ok,708
Cetylpyridinium,6.455,2.741,21.09,84.511,304.5,54.8,92.7,High,ok,709
2-mercaptobenzothiazole,2.959,2.74,2.468,87.521,167.3,77.0,92.6,High,ok,710
Chlorphenoxamine,4.182,2.733,10.75,85.944,303.8,54.7,92.6,High,ok,711
Copper,-0.002,2.738,-0.22,76.97,63.5,91.3,92.6,High,domain-edge (prediction unreliable),712
Sinapultide,6.477,2.738,2.475,107.44,2469.4,76.9,92.6,High,domain-edge (prediction unreliable),713
Copper Cu-64,-0.002,2.739,-0.22,76.994,63.9,91.3,92.6,High,domain-edge (prediction unreliable),714
Anisindione,2.858,2.733,-1.952,88.608,252.3,91.1,92.6,High,ok,715
Olanzapine,3.439,2.732,6.407,88.686,312.4,61.7,92.6,High,ok,716
Benzgalantamine,3.715,2.729,1.024,85.604,391.5,90.6,92.5,High,ok,717
Cyclobenzaprine,4.554,2.729,5.857,89.63,275.4,63.0,92.5,High,ok,718
Phenindione,2.849,2.724,-1.633,85.602,222.2,90.8,92.5,High,ok,719
Pacritinib,4.965,2.711,11.332,92.92,472.6,54.2,92.4,High,ok,720
Tilbroquinol,3.011,2.715,4.954,86.286,238.1,65.3,92.4,High,ok,721
Benzhydrocodone,3.715,2.713,0.962,87.944,403.5,90.4,92.4,High,ok,722
Vincristine,3.518,2.705,8.004,93.929,825.0,57.6,92.3,High,domain-edge (prediction unreliable),723
Brotizolam,4.404,2.703,4.214,93.779,393.7,67.6,92.3,High,ok,724
Imatinib,4.59,2.708,11.235,92.371,493.6,54.2,92.3,High,ok,725
Pyrimethamine,2.524,2.709,7.353,90.35,248.7,59.0,92.3,High,ok,726
Sevabertinib,3.562,2.691,11.708,90.818,484.9,53.8,92.2,High,ok,727
Thioproperazine,3.177,2.69,5.185,90.025,446.6,64.0,92.2,High,ok,728
Upadacitinib,2.908,2.692,10.152,80.932,380.4,53.8,92.2,High,ok,729
Glecaprevir,3.857,2.699,-2.35,99.584,838.9,90.0,92.2,High,domain-edge (prediction unreliable),730
Propiverine,3.994,2.689,1.8,78.297,367.5,80.5,92.1,High,ok,731
Ciclopirox,2.442,2.681,-1.713,79.606,207.3,89.4,92.1,High,ok,732
Metandienone,4.045,2.68,1.013,81.371,300.4,89.1,92.1,High,ok,733
Aluminum chloride,1.688,2.687,10.826,69.098,133.3,53.7,92.1,High,ok,734
Zoxazolamine,2.063,2.686,8.818,84.174,168.6,55.7,92.1,High,ok,735
Ketazolam,3.28,2.673,-0.047,93.501,368.8,89.1,92.0,High,ok,736
Misoprostol,3.954,2.671,2.864,74.034,382.5,72.8,92.0,High,ok,737
Clocortolone,2.998,2.675,1.179,85.486,410.9,86.6,92.0,High,ok,738
Oleic Acid,6.109,2.67,1.266,101.817,282.5,85.4,92.0,High,ok,739
Perflutren,2.746,2.671,8.746,71.169,188.0,55.5,92.0,High,ok,740
Piperacetazine,4.976,2.676,10.296,92.081,410.6,53.5,92.0,High,ok,741
Zolpidem,3.249,2.662,1.001,85.916,307.4,88.7,91.9,High,ok,742
Levacetylmethadol,4.655,2.669,2.144,84.796,353.5,77.2,91.9,High,ok,743
Lomustine,2.251,2.66,-0.941,70.261,233.7,88.7,91.9,High,ok,744
Stiripentol,2.836,2.665,2.151,83.214,234.3,77.0,91.9,High,ok,745
Pramocaine,2.967,2.669,9.362,82.528,293.4,54.4,91.9,High,ok,746
Encorafenib,3.908,2.669,7.175,91.788,540.0,58.5,91.9,High,ok,747
Dimetotiazine,3.49,2.663,3.625,89.319,391.6,68.9,91.9,High,ok,748
Indinavir,2.867,2.668,2.756,81.809,613.8,73.3,91.9,High,domain-edge (prediction unreliable),749
Oritavancin,4.495,2.66,3.101,115.512,1793.1,71.2,91.9,High,domain-edge (prediction unreliable),750
Anileridine,3.408,2.657,3.549,83.14,352.5,69.1,91.8,High,ok,751
Promazine,4.241,2.645,6.377,87.15,284.4,59.8,91.7,High,ok,752
Budesonide,2.717,2.642,2.631,87.398,430.5,73.3,91.7,High,ok,753
Mebeverine,4.603,2.649,8.955,85.179,429.6,54.7,91.7,High,ok,754
Domatinostat,3.36,2.639,-2.204,96.114,447.5,88.0,91.6,High,ok,755
Capmatinib,3.429,2.635,-2.764,95.069,412.4,87.8,91.6,High,ok,756
Lisuride,2.841,2.637,8.219,73.617,338.5,55.7,91.6,High,ok,757
Loteprednol,2.736,2.639,1.28,80.439,394.9,84.2,91.6,High,ok,758
Bicalutamide,2.88,2.641,0.569,93.642,430.4,88.0,91.6,High,ok,759
Dexamethasone acetate,2.467,2.623,-0.63,87.074,434.5,87.4,91.5,High,ok,760
Benzethonium,6.072,2.627,13.708,82.527,412.6,52.5,91.5,High,ok,761
Dihydroergocornine,2.13,2.625,6.388,82.925,563.7,59.3,91.5,High,ok,762
Pantoprazole,2.884,2.628,-0.583,93.492,383.4,87.6,91.5,High,ok,763
Nifedipine,2.176,2.622,-0.895,95.879,346.3,87.4,91.4,High,ok,764
Isotretinoin,5.603,2.615,-2.147,100.439,300.4,87.2,91.4,High,ok,765
Crisaborole,1.568,2.619,-1.773,94.146,251.0,87.3,91.4,High,ok,766
Paramethasone acetate,2.322,2.61,-0.806,87.176,434.5,87.0,91.3,High,ok,767
Acetophenazine,3.492,2.612,9.799,90.96,411.6,52.5,91.3,High,ok,768
Tenofovir disoproxil,3.036,2.602,5.493,82.665,519.4,61.1,91.2,High,ok,769
Xanomeline,3.216,2.602,4.573,83.709,281.4,63.8,91.2,High,ok,770
Berberine,3.096,2.597,8.52,89.47,336.4,54.4,91.2,High,ok,771
Diazepam,3.154,2.597,1.927,90.787,284.7,76.7,91.2,High,ok,772
Empagliflozin,1.613,2.598,8.224,90.49,450.9,54.9,91.2,High,ok,773
Arachidonic Acid,6.217,2.586,-0.354,99.836,304.5,86.2,91.1,High,ok,774
Vamorolone,2.753,2.592,1.135,87.39,356.5,84.5,91.1,High,ok,775
Bromodiphenhydramine,4.117,2.595,12.434,83.159,334.3,51.9,91.1,High,ok,776
Crizotinib,5.038,2.587,16.231,94.511,450.3,51.7,91.1,High,ok,777
Dihydroergotamine,2.081,2.587,3.672,89.232,583.7,66.7,91.1,High,ok,778
Fentanyl,4.137,2.588,-0.199,76.637,336.5,86.3,91.1,High,ok,779
Azelastine,4.298,2.594,8.537,88.933,381.9,54.3,91.1,High,ok,780
Zafirlukast,5.696,2.583,-8.338,104.775,575.7,86.1,91.0,High,ok,781
Lorpiprazole,3.559,2.579,5.433,80.86,405.5,60.7,91.0,High,ok,782
Anethole,2.728,2.584,0.908,74.431,148.2,86.1,91.0,High,ok,783
Linoleic acid,5.885,2.581,0.148,99.319,280.5,86.0,91.0,High,ok,784
Fesoterodine,5.381,2.573,13.722,81.206,411.6,51.5,90.9,High,ok,785
Mycophenolate mofetil,2.524,2.57,5.497,93.941,433.5,60.3,90.9,High,ok,786
Iodine,1.771,2.574,2.796,63.519,253.8,70.5,90.9,High,ok,787
Indium In-111 chloride,1.688,2.566,12.041,67.742,217.3,51.3,90.8,High,ok,788
Aluminum chlorohydrate,-5.466,2.568,8.585,94.871,18.0,53.6,90.8,High,domain-edge (prediction unreliable),789
Dordaviprone,3.169,2.563,-2.463,86.844,386.5,85.4,90.8,High,ok,790
Propylparaben,1.959,2.552,0.054,76.203,180.2,85.1,90.7,High,ok,791
Telmisartan,7.264,2.557,-7.599,102.43,514.6,85.2,90.7,High,ok,792
Valdecoxib,2.964,2.556,-2.831,94.608,314.4,85.2,90.7,High,ok,793
Dienogest,3.837,2.555,-1.281,83.863,311.4,85.2,90.7,High,ok,794
Pasireotide,3.369,2.559,-1.273,101.968,1047.2,85.3,90.7,High,domain-edge (prediction unreliable),795
Eribulin,3.438,2.544,9.392,83.824,729.9,51.8,90.6,High,domain-edge (prediction unreliable),796
Belzutifan,3.289,2.547,-0.631,89.399,383.3,84.9,90.6,High,ok,797
Ramelteon,2.568,2.545,2.29,79.263,259.3,72.6,90.6,High,ok,798
Dosulepin,4.676,2.549,5.931,82.873,295.5,58.7,90.6,High,ok,799
Hydrocortisone butyrate,3.133,2.55,0.126,89.35,432.6,85.0,90.6,High,ok,800
Butamben,2.226,2.551,2.967,78.93,193.2,69.0,90.6,High,ok,801
Idebenone,3.462,2.535,4.447,88.424,338.4,62.6,90.5,High,ok,802
Imipramine,3.875,2.542,3.858,85.543,280.4,64.9,90.5,High,ok,803
Tadalafil,2.211,2.535,-0.887,96.468,389.4,84.5,90.5,High,ok,804
Repotrectinib,2.552,2.539,7.221,88.331,355.4,55.6,90.5,High,ok,805
Warfarin,3.61,2.529,-0.668,94.266,308.3,84.3,90.4,High,ok,806
Iodoform,2.575,2.528,18.186,73.963,393.7,50.6,90.4,High,ok,807
Artenimol,2.187,2.527,4.683,75.155,284.4,61.6,90.4,High,ok,808
Nirogacestat,4.786,2.521,11.687,80.031,489.7,50.4,90.3,High,ok,809
Tasimelteon,2.251,2.52,0.904,75.725,245.3,84.0,90.3,High,ok,810
Diloxanide furoate,3.265,2.52,-0.568,86.013,328.2,84.0,90.3,High,ok,811
Oxandrolone,3.543,2.52,1.154,85.098,306.4,81.9,90.3,High,ok,812
Difluocortolone,2.729,2.523,0.62,81.446,394.5,84.1,90.3,High,ok,813
Dimetacrine,4.416,2.526,5.419,80.155,294.4,59.5,90.3,High,ok,814
Tolterodine,5.341,2.512,11.635,78.493,325.5,50.2,90.2,High,ok,815
Dyclonine,3.924,2.512,6.722,81.379,289.4,56.0,90.2,High,ok,816
Buprenorphine,4.414,2.516,8.671,83.198,467.7,52.4,90.2,High,ok,817
Pipotiazine,4.024,2.512,8.525,90.346,475.7,52.6,90.2,High,ok,818
Agomelatine,2.527,2.512,-2.989,84.11,243.3,83.7,90.2,High,ok,819
Alverine,4.574,2.502,12.523,78.596,281.4,50.0,90.1,High,ok,820
Diiodohydroxyquinoline,3.15,2.505,13.752,90.629,397.0,50.1,90.1,High,ok,821
Troleandomycin,3.621,2.505,5.927,81.983,814.0,57.7,90.1,High,domain-edge (prediction unreliable),822
Doxazosin,1.718,2.502,-1.685,93.797,451.5,83.4,90.1,High,ok,823
Vortioxetine,3.864,2.494,4.734,87.833,298.5,60.7,90.0,High,ok,824
Clioquinol,3.198,2.498,11.017,88.476,305.5,50.0,90.0,High,ok,825
Dapagliflozin,1.844,2.499,7.549,90.009,408.9,54.1,90.0,High,ok,826
Tixocortol,2.719,2.497,-0.717,78.64,378.5,83.2,90.0,High,ok,827
Rabeprazole,2.989,2.489,1.934,92.831,359.5,73.5,89.9,High,ok,828
Teniposide,2.753,2.493,0.599,103.033,656.7,83.1,89.9,High,domain-edge (prediction unreliable),829
Clonazepam,3.038,2.487,0.296,94.222,315.7,82.9,89.9,High,ok,830
Imiquimod,2.823,2.493,4.668,82.611,240.3,60.9,89.9,High,ok,831
Berotralstat,5.702,2.49,7.731,90.744,562.6,53.5,89.9,High,ok,832
Givinostat,4.549,2.493,10.465,92.237,421.5,49.9,89.9,High,ok,833
Phenyltoloxamine,3.218,2.483,3.155,81.13,255.4,66.3,89.8,High,ok,834
Ozanimod,3.632,2.48,5.524,98.489,404.5,58.1,89.8,High,ok,835
Palmitic Acid,5.552,2.483,2.237,100.451,256.4,71.2,89.8,High,ok,836
Istradefylline,2.124,2.48,-1.261,77.335,384.4,82.7,89.8,High,ok,837
Trimetrexate,2.741,2.479,5.392,90.258,369.4,58.4,89.8,High,ok,838
Adefovir dipivoxil,2.703,2.482,5.084,87.135,501.5,59.4,89.8,High,ok,839
Indoramin,3.605,2.482,7.936,83.931,347.5,53.0,89.8,High,ok,840
Fingolimod,3.204,2.472,11.481,89.036,307.5,49.4,89.7,High,ok,841
Levobupivacaine,3.897,2.477,2.407,69.947,288.4,70.0,89.7,High,ok,842
Trilaciclib,2.725,2.47,8.013,82.844,446.6,52.6,89.7,High,ok,843
Momelotinib,2.977,2.478,3.787,90.773,414.5,63.5,89.7,High,ok,844
Azilsartan medoxomil,4.705,2.475,-12.15,107.416,568.5,82.5,89.7,High,ok,845
Nirmatrelvir,1.097,2.478,-1.926,71.706,499.5,82.6,89.7,High,ok,846
Benorilate,2.79,2.463,-1.869,91.308,313.3,82.1,89.6,High,ok,847
Alitretinoin,5.603,2.463,-3.312,100.464,300.4,82.1,89.6,High,ok,848
Doxepin,3.962,2.468,5.0,84.988,279.4,59.3,89.6,High,ok,849
alpha-Linolenic acid,5.661,2.458,-0.653,97.834,278.4,81.9,89.5,High,ok,850
Pemigatinib,3.657,2.457,6.396,79.348,487.5,55.5,89.5,High,ok,851
Vindesine,2.732,2.459,9.978,88.091,753.9,49.2,89.5,High,domain-edge (prediction unreliable),852
Lorazepam,3.101,2.458,5.289,93.455,321.2,58.2,89.5,High,ok,853
Cobimetinib,3.781,2.449,15.8,86.089,531.3,49.0,89.4,High,ok,854
Triazolam,4.234,2.454,3.938,90.413,343.2,62.3,89.4,High,ok,855
Tretinoin,5.603,2.448,-3.242,100.621,300.4,81.6,89.4,High,ok,856
Dichlorobenzyl alcohol,2.486,2.448,10.122,70.997,177.0,49.0,89.4,High,ok,857
Pioglitazone,3.16,2.441,-4.229,99.123,356.4,81.4,89.3,High,ok,858
Indacaterol,3.149,2.445,3.075,94.27,392.5,65.6,89.3,High,ok,859
Icosapent,5.993,2.445,-1.162,97.633,302.5,81.5,89.3,High,ok,860
Zimelidine,3.837,2.445,8.504,77.459,317.2,51.2,89.3,High,ok,861
Etomidate,2.669,2.443,-0.234,78.039,244.3,81.4,89.3,High,ok,862
Sulfur hexafluoride,3.169,2.433,11.401,71.16,146.1,48.7,89.2,High,ok,863
Capivasertib,2.149,2.439,14.807,89.031,428.9,48.8,89.2,High,ok,864
Eugenol,2.129,2.434,-0.433,74.493,164.2,81.1,89.2,High,ok,865
Lurbinectedin,4.189,2.436,3.598,99.093,784.9,63.1,89.2,High,domain-edge (prediction unreliable),866
Rosiglitazone,2.491,2.434,-5.011,97.999,357.4,81.1,89.2,High,ok,867
Eprazinone,3.901,2.429,3.767,73.259,380.5,62.3,89.1,High,ok,868
Piritramide,3.692,2.426,0.986,80.712,430.6,80.9,89.1,High,ok,869
Trimethaphan,3.656,2.432,-1.71,80.817,365.5,81.1,89.1,High,ok,870
Aclidinium,4.667,2.428,7.613,90.216,484.7,52.4,89.1,High,ok,871
Vanzacaftor,4.551,2.429,-1.69,103.16,617.8,81.0,89.1,High,domain-edge (prediction unreliable),872
Biperiden,3.962,2.427,5.166,73.926,311.5,57.8,89.1,High,ok,873
Acenocoumarol,3.518,2.432,-0.242,93.834,353.3,81.1,89.1,High,ok,874
Magnesium oxide,-0.5,2.411,1.085,75.863,24.3,79.2,88.9,High,domain-edge (prediction unreliable),875
Disperse Blue 106,3.594,2.412,8.756,91.425,335.4,50.1,88.9,High,ok,876
2-(l-menthoxy)ethanol,2.456,2.414,7.734,70.524,200.3,51.9,88.9,High,ok,877
Chlordiazepoxide,2.951,2.412,3.037,91.163,299.8,64.9,88.9,High,ok,878
Acitretin,5.167,2.409,-4.204,102.319,326.4,80.3,88.8,High,ok,879
Tenofovir alafenamide,2.973,2.41,2.34,78.91,476.5,68.5,88.8,High,ok,880
Talazoparib,2.629,2.406,3.298,91.574,380.4,63.6,88.8,High,ok,881
Aprocitentan,2.532,2.405,1.774,96.713,546.2,72.2,88.8,High,ok,882
Mazindol,2.609,2.408,3.194,81.56,284.7,64.1,88.8,High,ok,883
Paltusotine,5.352,2.408,6.783,96.29,456.5,53.6,88.8,High,ok,884
Bupivacaine,3.897,2.4,2.062,68.461,288.4,69.9,88.7,High,ok,885
Ritlecitinib,1.935,2.403,14.098,76.98,285.4,48.1,88.7,High,ok,886
Ioflupane I-123,3.76,2.397,15.905,84.551,427.3,47.9,88.7,High,ok,887
Gamolenic acid,5.661,2.396,-0.293,97.071,278.4,79.9,88.7,High,ok,888
Spironolactone,4.852,2.393,-2.433,87.42,416.6,79.8,88.6,High,ok,889
Estazolam,3.272,2.39,1.256,89.908,294.7,76.5,88.6,High,ok,890
Risperidone,3.59,2.391,7.27,78.769,410.5,52.2,88.6,High,ok,891
Levallorphan,3.637,2.383,1.356,74.871,283.4,75.2,88.5,High,ok,892
Selegiline,2.183,2.386,1.284,66.203,187.3,76.1,88.5,High,ok,893
Eltrombopag,4.565,2.384,-13.323,110.475,442.5,79.5,88.5,High,ok,894
Sunitinib,3.335,2.386,21.315,78.099,398.5,47.7,88.5,High,ok,895
Carboxin,2.62,2.386,0.785,81.442,235.3,79.5,88.5,High,ok,896
Lormetazepam,3.126,2.388,6.183,90.231,335.2,54.4,88.5,High,ok,897
Darolutamide,2.67,2.375,5.75,89.525,398.9,55.1,88.4,High,ok,898
Cyclizine,3.023,2.377,2.235,74.438,266.4,68.2,88.4,High,ok,899
Ganirelix,2.273,2.38,6.387,90.13,1570.4,53.8,88.4,High,domain-edge (prediction unreliable),900
Solifenacin,3.865,2.371,1.487,77.899,362.5,73.6,88.3,High,ok,901
Pivmecillinam,2.412,2.369,-0.494,84.45,439.6,79.0,88.3,High,ok,902
Digoxin,2.218,2.37,5.52,85.563,780.9,55.6,88.3,High,domain-edge (prediction unreliable),903
Lapyrium,3.554,2.362,6.827,87.88,363.5,52.5,88.2,High,ok,904
Deucravacitinib,1.732,2.362,-2.714,94.275,425.5,78.7,88.2,High,ok,905
Fexinidazole,2.629,2.367,-0.419,86.895,279.3,78.9,88.2,High,ok,906
Trihexyphenidyl,4.331,2.361,4.764,71.528,301.5,57.3,88.1,High,ok,907
Dichlorotetrafluoroethane,2.65,2.359,7.823,60.624,170.9,50.5,88.1,High,ok,908
Adiphenine,3.704,2.359,14.233,71.195,311.4,47.2,88.1,High,ok,909
Periciazine,4.008,2.35,9.123,85.746,365.5,48.3,88.0,High,ok,910
Plicamycin,-0.249,2.344,13.868,81.781,1085.2,46.9,87.9,High,domain-edge (prediction unreliable),911
Romidepsin,1.43,2.347,-0.54,86.197,540.7,78.2,87.9,High,ok,912
Methoxsalen,2.548,2.346,3.661,85.704,216.2,60.6,87.9,High,ok,913
Ethyl salicylate,1.569,2.343,-0.777,72.394,166.2,78.1,87.9,High,ok,914
Desoximetasone,2.781,2.338,0.554,79.288,376.5,77.9,87.8,High,ok,915
Bromazepam,2.634,2.332,4.134,89.412,316.2,58.6,87.7,High,ok,916
Thiabendazole,2.686,2.328,2.975,83.096,201.3,62.9,87.7,High,ok,917
Quetiapine,2.856,2.327,9.985,83.209,383.5,46.6,87.7,High,ok,918
Altretamine,0.07,2.332,-0.296,72.583,210.3,77.7,87.7,High,ok,919
Isoeugenol,2.434,2.327,0.68,73.692,164.2,77.6,87.6,High,ok,920
(+)-menthol,2.44,2.316,4.358,61.425,156.3,57.4,87.5,High,ok,921
Sevoflurane,2.423,2.313,6.943,60.58,200.1,51.1,87.4,High,ok,922
Benzydamine,3.415,2.309,6.538,85.133,309.4,51.9,87.4,High,ok,923
Ensifentrine,2.716,2.304,-2.647,90.809,477.6,76.8,87.3,High,ok,924
Tafamidis,4.5,2.305,0.728,101.901,308.1,76.8,87.3,High,ok,925
Hydrocortisone acetate,2.352,2.305,-1.895,82.155,404.5,76.8,87.3,High,ok,926
Nomifensine,2.846,2.299,3.786,72.239,238.3,58.9,87.2,High,ok,927
Vanillyl butyl ether,2.718,2.293,1.575,70.667,210.3,70.4,87.1,High,ok,928
Fluocortolone,2.637,2.292,0.562,79.017,376.5,76.4,87.1,High,ok,929
Geraniol,2.671,2.284,2.942,63.422,154.3,61.9,87.0,High,ok,930
Fluocinolone acetonide,2.367,2.283,1.998,78.598,452.5,66.9,87.0,High,ok,931
Cinoxate,2.288,2.287,1.521,74.657,250.3,70.7,87.0,High,ok,932
Phenazopyridine,2.661,2.277,4.825,83.386,213.2,55.1,86.9,High,ok,933
Ethyl ferulate,1.977,2.28,-1.354,79.689,222.2,76.0,86.9,High,ok,934
Oxeladin,3.646,2.279,15.635,58.597,335.5,45.6,86.9,High,ok,935
Aficamten,2.45,2.278,1.155,89.688,337.4,74.0,86.9,High,ok,936
Quinine,3.173,2.278,2.563,75.098,324.4,63.5,86.9,High,ok,937
Etoperidone,2.493,2.273,7.322,69.467,377.9,49.6,86.8,High,ok,938
Yttrium Y-90,-0.002,2.27,0.195,68.249,89.9,75.7,86.8,High,domain-edge (prediction unreliable),939
Sufentanil,4.215,2.27,1.136,72.658,386.6,74.0,86.8,High,ok,940
Levamlodipine,2.266,2.274,6.77,93.129,408.9,50.6,86.8,High,ok,941
Chlorzoxazone,1.774,2.269,5.747,83.955,169.6,52.7,86.8,High,ok,942
Flurazepam,4.005,2.271,18.184,77.037,387.9,45.4,86.8,High,ok,943
Vilanterol,4.608,2.267,19.005,88.041,486.4,45.3,86.7,High,ok,944
Prednisolone acetate,2.128,2.265,-1.56,82.724,402.5,75.5,86.7,High,ok,945
Parachlorophenol,2.046,2.264,5.857,63.489,128.6,52.3,86.7,High,ok,946
Amoxapine,3.429,2.264,12.138,90.146,313.8,45.3,86.7,High,ok,947
Griseofulvin,2.81,2.257,2.751,90.652,352.8,62.0,86.6,High,ok,948
Lutetium Lu-177,0.0,2.262,0.465,68.613,176.9,75.4,86.6,High,ok,949
Sparsentan,6.539,2.26,-1.345,100.459,592.8,75.3,86.6,High,ok,950
Gadolinium,0.0,2.258,0.673,68.012,157.2,75.3,86.6,High,ok,951
Nebivolol,2.364,2.251,9.052,87.049,405.4,46.3,86.5,High,ok,952
Hydrocortamate,2.674,2.251,6.18,75.256,475.6,51.3,86.5,High,ok,953
Fominoben,2.883,2.247,6.546,74.729,401.9,50.5,86.4,High,ok,954
Titanium dioxide,-0.24,2.25,-5.447,93.075,79.9,75.0,86.4,High,domain-edge (prediction unreliable),955
Thiamylal,1.516,2.248,-2.18,70.938,254.4,74.9,86.4,High,ok,956
Udenafil,2.828,2.242,4.141,95.859,516.7,56.3,86.3,High,ok,957
Docusate,4.152,2.24,5.009,97.808,422.6,53.8,86.3,High,ok,958
Hydrotalcite,-16.459,2.227,-1.372,110.164,60.0,74.2,86.1,High,domain-edge (prediction unreliable),959
Diflorasone,1.844,2.231,0.995,77.434,410.5,74.4,86.1,High,ok,960
Eliglustat,3.432,2.232,5.772,82.696,404.6,51.7,86.1,High,ok,961
Methadone,4.292,2.227,2.783,68.94,309.5,61.0,86.1,High,ok,962
Levomenthol,2.44,2.226,4.249,58.061,156.3,55.6,86.0,High,ok,963
Lorlatinib,2.801,2.221,-0.197,88.183,406.4,74.0,86.0,High,ok,964
Formestane,3.973,2.22,-2.852,80.819,302.4,74.0,85.9,High,ok,965
Elexacaftor,4.02,2.218,-3.955,102.131,597.7,73.9,85.9,High,ok,966
Normethadone,3.904,2.209,1.582,69.092,295.4,67.8,85.8,High,ok,967
Malathion,2.122,2.209,0.38,76.358,330.4,73.6,85.8,High,ok,968
Benzoin,2.603,2.205,-3.165,72.761,212.2,73.5,85.7,High,ok,969
Abametapir,2.76,2.204,2.069,69.108,184.2,64.2,85.7,High,ok,970
Ondansetron,3.129,2.204,3.272,75.458,293.4,58.3,85.7,High,ok,971
Aluminum hydroxide,-0.911,2.197,2.03,79.715,27.0,64.2,85.6,High,domain-edge (prediction unreliable),972
Ferric oxide,-0.311,2.198,-2.396,74.28,159.7,73.3,85.6,High,ok,973
Xenon-133,0.0,2.195,0.649,66.444,132.9,73.2,85.5,High,ok,974
Rivaroxaban,2.52,2.196,0.643,86.007,435.9,73.2,85.5,High,ok,975
Polidocanol,4.049,2.196,25.31,58.596,582.8,43.9,85.5,High,ok,976
Cortisone acetate,2.561,2.196,-3.129,82.426,402.5,73.2,85.5,High,ok,977
Nortriptyline,3.826,2.196,3.873,86.716,263.4,56.0,85.5,High,ok,978
Flumethasone,1.844,2.191,1.136,78.083,410.5,71.4,85.4,High,ok,979
Phenytoin,1.77,2.19,-4.782,87.554,252.3,73.0,85.4,High,ok,980
Obeticholic acid,5.114,2.18,-1.692,97.165,420.6,72.7,85.3,High,ok,981
Cisatracurium,8.066,2.185,1.954,88.475,929.2,64.4,85.3,High,domain-edge (prediction unreliable),982
Xenon Xe-127,0.0,2.18,0.643,66.049,126.9,72.7,85.3,High,ok,983
Xenon Xe-129,0.0,2.185,0.645,66.181,128.9,72.8,85.3,High,ok,984
Trichloroethylene,2.502,2.175,8.775,52.358,131.4,45.1,85.2,High,ok,985
Methaqualone,3.003,2.178,-2.305,70.543,250.3,72.6,85.2,High,ok,986
Pentoxyverine,3.4,2.17,13.725,64.806,333.5,43.4,85.1,High,ok,987
Thenalidine,3.849,2.169,5.176,72.213,286.4,51.7,85.1,High,ok,988
Lumacaftor,4.747,2.17,-6.852,102.511,452.4,72.3,85.1,High,ok,989
Atrasentan,4.694,2.174,-0.024,100.302,510.6,72.5,85.1,High,ok,990
Bismuth subsalicylate,0.213,2.163,-2.685,93.062,362.1,72.1,85.0,High,ok,991
Lornoxicam,2.296,2.165,1.978,95.007,371.8,63.6,85.0,High,ok,992
Prednisone acetate,2.337,2.163,-3.021,83.346,400.5,72.1,85.0,High,ok,993
Quinagolide,2.136,2.157,3.75,65.29,395.6,55.4,84.9,High,ok,994
Stannous fluoride,0.46,2.155,1.378,48.044,156.7,67.8,84.8,High,ok,995
Amitriptylinoxide,4.181,2.155,6.193,79.057,293.4,49.1,84.8,High,ok,996
Medifoxamine,3.032,2.152,-0.147,73.703,257.3,71.7,84.8,High,ok,997
Benperidol,4.181,2.15,4.119,81.931,381.5,54.0,84.7,High,ok,998
Amlodipine,2.266,2.145,6.74,91.357,408.9,47.8,84.6,High,ok,999
Pitolisant,4.165,2.145,16.832,73.92,295.9,42.9,84.6,High,ok,1000
Apixaban,2.7,2.144,-4.966,90.727,459.5,71.5,84.6,High,ok,1001
Tepotinib,4.008,2.14,1.903,90.747,492.6,63.4,84.6,High,ok,1002
Ethyl hydroxybenzoate,1.569,2.137,-1.388,67.927,166.2,71.2,84.5,High,ok,1003
Praziquantel,2.535,2.136,-4.208,68.856,312.4,71.2,84.5,High,ok,1004
Hexylcaine,3.154,2.136,0.64,72.74,261.4,71.2,84.5,High,ok,1005
Halothane,2.508,2.137,6.935,56.056,197.4,47.3,84.5,High,ok,1006
Molybdenum,-0.002,2.129,-0.05,65.228,95.9,71.0,84.3,High,domain-edge (prediction unreliable),1007
Meclofenamic acid,4.744,2.128,-1.668,100.262,296.2,70.9,84.3,High,ok,1008
Crotamiton,2.924,2.128,-1.54,62.232,203.3,70.9,84.3,High,ok,1009
Quinidine,3.173,2.126,2.085,74.644,324.4,61.8,84.3,High,ok,1010
Cinchocaine,3.485,2.126,16.049,69.178,343.5,42.5,84.3,High,ok,1011
Flurandrenolide,2.499,2.121,1.773,76.512,436.5,63.7,84.2,High,ok,1012
Ropivacaine,3.506,2.121,1.585,63.084,274.4,65.0,84.2,High,ok,1013
Oxazepam,2.448,2.116,3.31,91.821,286.7,55.9,84.1,High,ok,1014
Mirtazapine,2.479,2.113,0.868,63.795,265.4,70.4,84.0,High,ok,1015
Abrocitinib,1.254,2.109,7.097,73.236,323.4,46.4,84.0,High,ok,1016
Ketotifen,4.014,2.111,3.379,82.006,309.4,55.5,84.0,High,ok,1017
Deflazacort,2.563,2.103,-1.993,84.859,441.5,70.1,83.9,High,ok,1018
Rapacuronium,6.912,2.104,6.074,79.363,597.9,48.2,83.9,High,ok,1019
Safinamide,2.368,2.104,-0.339,83.831,302.3,70.1,83.9,High,ok,1020
Tetrabenazine,3.238,2.106,0.528,65.297,317.4,70.2,83.9,High,ok,1021
Ifenprodil,3.769,2.101,3.85,71.413,325.5,53.6,83.8,High,ok,1022
Nitisinone,2.735,2.1,0.867,87.029,329.2,70.0,83.8,High,ok,1023
Procyclidine,3.94,2.096,3.805,65.517,287.4,53.7,83.7,High,ok,1024
Selexipag,3.898,2.091,-2.596,101.085,496.6,69.7,83.6,High,ok,1025
Nerandomilast,2.295,2.09,6.491,78.695,449.0,47.0,83.6,High,ok,1026
Rofecoxib,2.558,2.092,-6.125,93.63,314.4,69.7,83.6,High,ok,1027
Gilteritinib,2.697,2.09,18.59,75.507,552.7,41.8,83.6,High,ok,1028
Estetrol,1.551,2.081,3.503,76.563,304.4,54.3,83.4,High,ok,1029
Flunisolide,2.275,2.078,2.149,76.776,434.5,60.1,83.4,High,ok,1030
Bictegravir,1.634,2.072,2.265,84.869,449.4,59.2,83.3,High,ok,1031
Dactinomycin,0.726,2.068,2.653,79.205,1255.4,57.2,83.2,High,domain-edge (prediction unreliable),1032
Nitazoxanide,2.229,2.071,-2.69,93.248,307.3,69.0,83.2,High,ok,1033
Xylometazoline,3.145,2.069,0.489,76.555,244.4,69.0,83.2,High,ok,1034
Butorphanol,3.366,2.061,3.118,64.919,327.5,55.1,83.0,High,ok,1035
Dimazole,3.083,2.059,19.838,69.62,293.4,41.2,83.0,High,ok,1036
Moxisylyte,2.984,2.057,3.532,68.896,279.4,53.5,83.0,High,ok,1037
Teriflunomide,2.999,2.057,-0.723,95.853,270.2,68.6,83.0,High,ok,1038
Prazosin,1.785,2.06,-2.878,78.53,383.4,68.7,83.0,High,ok,1039
Etidocaine,3.752,2.052,5.238,56.72,276.4,48.7,82.9,High,ok,1040
Elagolix,5.535,2.055,-3.421,98.481,631.6,68.5,82.9,High,domain-edge (prediction unreliable),1041
Dexetimide,3.273,2.051,-2.209,80.928,362.5,68.4,82.9,High,ok,1042
Enoximone,1.964,2.055,-1.09,90.28,248.3,68.5,82.9,High,ok,1043
Testolactone,3.59,2.049,-1.947,81.218,300.4,68.3,82.8,High,ok,1044
Betamethasone,1.896,2.05,1.066,75.199,392.5,67.6,82.8,High,ok,1045
Borneol,2.194,2.048,2.783,55.568,154.3,56.1,82.8,High,ok,1046
Tofacitinib,1.545,2.041,7.64,74.463,312.4,44.0,82.7,High,ok,1047
Nefopam,3.238,2.033,1.13,64.128,253.3,66.3,82.5,High,ok,1048
Zavegepant,3.452,2.033,11.511,81.717,638.8,40.7,82.5,High,domain-edge (prediction unreliable),1049
Repaglinide,5.22,2.026,-1.994,99.759,452.6,67.5,82.4,High,ok,1050
Alprazolam,3.58,2.026,1.485,85.692,308.8,62.9,82.4,High,ok,1051
Dantrolene,1.74,2.028,-5.261,98.021,314.3,67.6,82.4,High,ok,1052
Nitrazepam,2.384,2.03,-2.011,89.676,281.3,67.7,82.4,High,ok,1053
Defactinib,2.397,2.027,2.333,88.014,510.5,57.6,82.4,High,ok,1054
Rubidium,-0.381,2.023,1.105,65.132,85.5,66.3,82.3,High,domain-edge (prediction unreliable),1055
Ibuproxam,2.494,2.024,-0.319,78.784,221.3,67.5,82.3,High,ok,1056
Metaxalone,1.791,2.023,-1.716,75.864,221.3,67.4,82.3,High,ok,1057
Letermovir,5.707,2.021,-5.45,99.662,572.6,67.4,82.3,High,ok,1058
Benoxaprofen,4.336,2.016,-0.784,99.496,301.7,67.2,82.2,High,ok,1059
Orphenadrine,3.663,2.014,3.544,69.946,269.4,52.4,82.1,High,ok,1060
Metolazone,2.714,2.013,1.824,88.344,365.8,60.1,82.1,High,ok,1061
Benmoxin,2.682,2.014,-3.017,69.944,240.3,67.1,82.1,High,ok,1062
Miltefosine,5.676,2.015,15.714,70.772,407.6,40.3,82.1,High,ok,1063
Dexamethasone,1.896,2.006,1.156,75.807,392.5,65.2,81.9,High,ok,1064
Minaprine,2.196,1.999,3.919,70.923,298.4,50.8,81.8,High,ok,1065
Fluoxetine,4.435,1.999,9.013,84.904,309.3,41.2,81.8,High,ok,1066
Pargyline,1.752,2.0,0.366,57.542,159.2,66.7,81.8,High,ok,1067
Ferric cation,-0.002,1.999,0.138,60.066,55.8,66.6,81.8,High,domain-edge (prediction unreliable),1068
Cycrimine,3.94,1.995,4.195,62.995,287.4,49.9,81.7,High,ok,1069
Brompheniramine,3.928,1.993,12.863,68.534,319.2,39.9,81.7,High,ok,1070
Simethicone,1.568,1.995,1.568,93.224,178.4,61.3,81.7,High,ok,1071
Zoliflodacin,1.203,1.988,-0.888,90.899,487.4,66.3,81.6,High,ok,1072
Thiopental,1.35,1.989,-1.553,66.352,242.3,66.3,81.6,High,ok,1073
Linagliptin,1.147,1.987,1.675,84.072,472.6,60.3,81.6,High,ok,1074
Quinupristin,2.324,1.986,2.785,83.569,1022.2,54.4,81.5,High,domain-edge (prediction unreliable),1075
Aluminium,-0.381,1.986,-0.726,61.548,27.0,66.2,81.5,High,domain-edge (prediction unreliable),1076
Meloxicam,1.951,1.982,-2.428,97.566,351.4,66.1,81.5,High,ok,1077
Fospropofol,3.379,1.979,2.654,84.057,288.3,54.8,81.4,High,ok,1078
Erdafitinib,4.184,1.976,8.208,86.066,446.6,41.8,81.3,High,ok,1079
Alclometasone,2.021,1.973,3.162,74.666,408.9,52.6,81.3,High,ok,1080
Doxapram,3.173,1.975,3.815,61.559,378.5,50.5,81.3,High,ok,1081
Temazepam,2.472,1.973,3.841,86.52,300.7,50.4,81.3,High,ok,1082
Duloxetine,4.631,1.971,5.508,89.084,297.4,46.2,81.2,High,ok,1083
Dexbrompheniramine,3.928,1.968,12.691,69.073,319.2,39.4,81.2,High,ok,1084
Tritoqualine,3.643,1.971,2.024,85.835,500.5,57.7,81.2,High,ok,1085
Mefloquine,4.448,1.966,9.097,80.404,378.3,40.4,81.1,High,ok,1086
Methylprednisolone,1.804,1.964,1.803,72.725,374.5,58.8,81.1,High,ok,1087
Tetracaine,2.617,1.967,9.725,70.144,264.4,39.6,81.1,High,ok,1088
Ethoxzolamide,1.342,1.959,0.54,91.742,258.3,65.3,81.0,High,ok,1089
Zileuton,2.732,1.959,0.55,77.713,236.3,65.3,81.0,High,ok,1090
Carprofen,4.163,1.953,2.384,97.722,273.7,55.3,80.8,High,ok,1091
Fluoxymesterone,3.332,1.95,0.212,63.116,336.4,65.0,80.8,High,ok,1092
Protriptyline,4.302,1.949,7.994,83.57,263.4,41.5,80.8,High,ok,1093
Mitapivat,3.203,1.95,0.781,89.286,450.6,65.0,80.8,High,ok,1094
Diphenylpyraline,3.887,1.944,5.006,67.425,281.4,46.7,80.7,High,ok,1095
Atorvastatin,6.314,1.947,-1.558,100.402,558.7,64.9,80.7,High,ok,1096
Retapamulin,5.251,1.944,2.822,81.269,517.8,53.1,80.6,High,ok,1097
Methoxyflurane,2.029,1.94,4.644,52.342,165.0,47.4,80.6,High,ok,1098
Paliperidone,3.081,1.938,8.203,70.316,426.5,41.0,80.5,High,ok,1099
Teicoplanin,1.164,1.939,-4.89,118.313,1879.7,64.6,80.5,High,domain-edge (prediction unreliable),1100
Methyl salicylate,1.179,1.939,-1.522,68.63,152.1,64.6,80.5,High,ok,1101
Doravirine,2.655,1.939,0.395,93.123,425.8,64.6,80.5,High,ok,1102
Flunitrazepam,2.548,1.936,-3.004,80.473,313.3,64.5,80.5,High,ok,1103
Nilutamide,2.448,1.931,-0.712,80.311,317.2,64.4,80.4,High,ok,1104
Methylprednisone,2.012,1.931,0.422,74.326,372.5,64.4,80.3,High,ok,1105
Desonide,2.327,1.93,2.056,75.3,416.5,56.3,80.3,High,ok,1106
Propyliodone,2.011,1.93,6.614,91.57,447.0,43.2,80.3,High,ok,1107
Enflurane,2.353,1.929,5.47,50.282,184.5,45.3,80.3,High,ok,1108
(S)-camphor,2.402,1.923,0.604,54.54,152.2,64.1,80.2,High,ok,1109
Pentaerythritol tetranitrate,-1.194,1.922,-3.179,78.984,316.1,64.1,80.2,High,ok,1110
Oliceridine,4.693,1.924,3.276,74.617,386.6,50.9,80.2,High,ok,1111
Elvitegravir,4.281,1.922,-0.232,101.567,447.9,64.1,80.2,High,ok,1112
Revumenib,4.679,1.923,10.902,67.245,630.8,38.5,80.2,High,domain-edge (prediction unreliable),1113
Oxymetholone,4.401,1.917,-1.27,86.594,332.5,63.9,80.1,High,ok,1114
Tetrakis(2-methoxyisobutylisocyanide)copper(I) tetrafluoroborate,6.62,1.919,12.424,48.416,113.2,38.4,80.1,High,ok,1115
Yohimbine,2.647,1.918,4.473,76.72,354.5,47.3,80.1,High,ok,1116
Benzonatate,2.835,1.914,27.059,57.658,603.8,38.3,80.0,High,domain-edge (prediction unreliable),1117
Azatadine,3.708,1.912,1.81,66.597,290.4,57.2,79.9,High,ok,1118
Fosamprenavir,2.52,1.912,2.692,86.22,585.6,52.8,79.9,High,ok,1119
Tolfenamic acid,4.09,1.905,-0.808,99.146,261.7,63.5,79.8,High,ok,1120
Tyropanoic acid,4.892,1.908,10.841,93.914,641.0,38.2,79.8,High,domain-edge (prediction unreliable),1121
Zaleplon,2.641,1.906,-1.784,85.601,305.3,63.5,79.8,High,ok,1122
Diphenidol,4.189,1.908,4.624,67.557,309.5,46.7,79.8,High,ok,1123
Desipramine,3.533,1.906,2.948,83.55,266.4,51.6,79.8,High,ok,1124
Desflurane,2.084,1.904,5.231,48.1,168.0,45.2,79.8,High,ok,1125
Oxybuprocaine,2.946,1.907,16.335,64.764,308.4,38.1,79.8,High,ok,1126
Buspirone,2.088,1.901,-1.225,66.769,385.5,63.4,79.7,High,ok,1127
Polythiazide,1.655,1.902,1.832,87.275,439.9,56.7,79.7,High,ok,1128
Salmeterol,4.107,1.896,9.472,82.288,415.6,38.5,79.6,High,ok,1129
Erythrityl tetranitrate,-1.443,1.897,-4.214,72.429,302.1,63.2,79.6,High,ok,1130
Isoflurane,2.353,1.89,5.795,47.442,184.5,43.8,79.5,High,ok,1131
Penbutolol,3.472,1.894,4.644,73.94,291.4,46.3,79.5,High,ok,1132
Clobazam,3.371,1.894,-0.106,87.463,300.7,63.1,79.5,High,ok,1133
Tolcapone,2.545,1.89,1.327,95.277,273.2,59.9,79.4,High,ok,1134
Fosinopril,6.121,1.887,-2.598,101.325,563.7,62.9,79.4,High,ok,1135
Fusafungine,3.152,1.889,2.669,70.205,639.8,52.2,79.4,High,domain-edge (prediction unreliable),1136
Maprotiline,4.211,1.89,8.67,80.542,277.4,39.4,79.4,High,ok,1137
Opicapone,3.28,1.885,0.818,98.318,413.2,62.8,79.3,High,ok,1138
Carbocromen,2.928,1.884,16.002,76.606,361.4,37.7,79.3,High,ok,1139
Fludrocortisone,1.874,1.882,1.097,69.738,380.5,61.7,79.3,High,ok,1140
Carisoprodol,2.023,1.886,2.027,57.31,260.3,55.1,79.3,High,ok,1141
Amylocaine,2.574,1.875,1.721,58.078,235.3,56.6,79.1,High,ok,1142
Encainide,4.364,1.877,3.827,75.968,352.5,48.0,79.1,High,ok,1143
Delgocitinib,1.299,1.875,2.894,72.655,310.4,51.0,79.1,High,ok,1144
Lasmiditan,3.276,1.876,5.854,68.304,377.4,43.3,79.1,High,ok,1145
Bimatoprost,3.147,1.87,2.961,66.753,415.6,50.6,79.0,High,ok,1146
Inavolisib,1.818,1.873,3.476,85.959,407.4,48.9,79.0,High,ok,1147
Iproclozide,1.748,1.87,4.745,77.431,242.7,45.5,79.0,High,ok,1148
Umeclidinium,5.14,1.872,8.87,73.09,428.6,38.7,79.0,High,ok,1149
Muzolimine,2.559,1.868,6.157,79.828,272.1,42.6,78.9,High,ok,1150
Carmustine,1.157,1.865,-1.633,51.033,214.1,62.2,78.9,High,ok,1151
Cupric Chloride,1.376,1.865,4.351,49.483,134.5,46.3,78.9,High,ok,1152
Butacaine,3.718,1.864,14.224,65.516,306.4,37.3,78.8,High,ok,1153
Flurothyl,2.128,1.862,6.215,47.599,182.1,42.4,78.8,High,ok,1154
Glasdegib,3.392,1.862,3.709,79.33,374.4,47.9,78.8,High,ok,1155
Chloroquine,4.811,1.86,49.123,66.403,319.9,37.2,78.7,High,ok,1156
Technetium Tc-99m sulfur colloid,5.183,1.859,5.823,101.5,256.5,43.0,78.7,High,ok,1157
Anagrelide,1.926,1.859,2.006,79.513,256.1,54.5,78.7,High,ok,1158
Camphor,2.402,1.853,0.306,54.347,152.2,61.8,78.6,High,ok,1159
Chlorpheniramine,3.819,1.85,11.528,65.557,274.8,37.0,78.5,High,ok,1160
Rifaximin,6.158,1.849,7.164,96.121,785.9,40.5,78.5,High,domain-edge (prediction unreliable),1161
Sebetralstat,2.761,1.844,-1.711,70.571,491.5,61.5,78.4,High,ok,1162
Ixabepilone,4.051,1.839,5.408,72.395,506.7,43.3,78.3,High,ok,1163
Eletriptan,3.821,1.832,3.151,83.266,382.5,48.9,78.1,High,ok,1164
Abarelix,1.168,1.833,1.972,89.843,1416.1,53.9,78.1,High,domain-edge (prediction unreliable),1165
Hexobendine,3.396,1.83,5.442,74.591,592.7,43.0,78.0,High,ok,1166
Zinc oxide,-0.121,1.829,-4.131,61.701,81.4,61.0,78.0,High,domain-edge (prediction unreliable),1167
Sofosbuvir,1.657,1.826,-1.887,76.73,529.5,60.9,77.9,High,ok,1168
Pentafluoropropane,2.204,1.824,5.001,47.309,134.0,43.8,77.9,High,ok,1169
Amyl Nitrite,1.875,1.824,0.086,54.829,117.1,60.8,77.9,High,ok,1170
Lanreotide,0.822,1.821,-3.252,92.353,1096.3,60.7,77.8,High,domain-edge (prediction unreliable),1171
Methysergide,1.935,1.818,7.551,67.704,353.5,39.3,77.8,High,ok,1172
Avutometinib,2.685,1.822,-1.531,93.32,471.5,60.7,77.8,High,ok,1173
Vardenafil,2.07,1.816,2.19,88.475,488.6,52.3,77.7,High,ok,1174
Baricitinib,1.096,1.811,1.25,77.103,371.4,58.0,77.6,High,ok,1175
Ceritinib,5.784,1.813,13.747,91.242,558.1,36.3,77.6,High,ok,1176
Caspofungin,-3.312,1.81,1.176,82.538,1093.3,58.6,77.6,High,domain-edge (prediction unreliable),1177
Oxyquinoline,1.94,1.806,-1.006,64.734,145.2,60.2,77.5,High,ok,1178
Meprednisone,2.012,1.806,-0.421,74.678,372.5,60.2,77.5,High,ok,1179
Chloroform,1.986,1.803,9.227,48.406,119.4,36.9,77.4,High,ok,1180
Deslanoside,0.042,1.802,5.572,77.295,943.1,42.1,77.4,High,domain-edge (prediction unreliable),1181
Sitaxentan,3.961,1.799,-4.647,102.679,454.9,60.0,77.3,High,ok,1182
Dimetindene,4.147,1.801,3.984,62.436,292.4,45.6,77.3,High,ok,1183
Methohexital,1.307,1.796,-0.979,71.577,262.3,59.9,77.2,High,ok,1184
Carbamazepine,3.387,1.793,-4.532,74.465,236.3,59.8,77.2,High,ok,1185
Quinidine barbiturate,3.874,1.789,1.062,88.633,324.4,59.0,77.1,High,ok,1186
Fentonium,4.996,1.789,2.759,95.044,484.6,49.1,77.1,High,ok,1187
Oxymetazoline,2.851,1.79,-0.767,68.214,260.4,59.7,77.1,High,ok,1188
Aliskiren,3.294,1.785,5.467,72.567,551.8,41.9,77.0,High,ok,1189
Eplerenone,3.125,1.784,-1.385,82.204,414.5,59.5,76.9,High,ok,1190
Resmetirom,2.098,1.778,-3.453,101.354,435.2,59.3,76.8,High,ok,1191
Pirfenidone,2.146,1.774,-1.915,59.581,185.2,59.1,76.7,High,ok,1192
Dicoumarol,2.901,1.773,0.265,95.676,336.3,59.1,76.7,High,ok,1193
Telavancin,2.692,1.773,-1.49,107.02,1755.7,59.1,76.7,High,domain-edge (prediction unreliable),1194
Tubocurarine,6.701,1.776,9.158,92.952,609.7,36.4,76.7,High,domain-edge (prediction unreliable),1195
Filgotinib,1.975,1.771,0.513,86.417,425.5,59.0,76.6,High,ok,1196
Propafenone,3.241,1.766,1.531,87.669,341.5,54.5,76.5,High,ok,1197
Dextrothyroxine,4.557,1.766,18.327,94.633,776.9,35.3,76.5,High,domain-edge (prediction unreliable),1198
Boron,-0.381,1.762,-0.504,56.087,10.8,58.7,76.4,High,domain-edge (prediction unreliable),1199
Methylparaben,1.179,1.761,-2.156,64.012,152.1,58.7,76.4,High,ok,1200
Flufenamic acid,4.147,1.76,-1.907,99.109,281.2,58.7,76.3,High,ok,1201
Selenium,-0.381,1.759,0.768,54.339,79.0,58.6,76.3,High,domain-edge (prediction unreliable),1202
Nevirapine,2.651,1.757,-0.074,61.937,266.3,58.6,76.3,High,ok,1203
Synthetic camphor,2.402,1.76,0.511,49.055,152.2,58.7,76.3,High,ok,1204
Ixazomib,1.266,1.755,5.858,85.478,361.0,40.5,76.2,High,ok,1205
Desloratadine,4.019,1.754,9.369,81.226,310.8,35.7,76.2,High,ok,1206
Tiratricol,4.625,1.756,10.072,96.906,621.9,35.1,76.2,High,domain-edge (prediction unreliable),1207
Clofedanol,3.528,1.749,5.432,68.159,289.8,41.2,76.1,High,ok,1208
Difenoxin,5.005,1.75,-5.832,93.161,424.5,58.3,76.1,High,ok,1209
Kinetin,1.558,1.747,1.536,70.798,215.2,53.9,76.0,High,ok,1210
Bendroflumethiazide,1.625,1.742,-3.36,91.423,421.4,58.1,75.9,High,ok,1211
Inositol nicotinate,3.724,1.744,-0.2,89.248,810.7,58.1,75.9,High,domain-edge (prediction unreliable),1212
Fosaprepitant,4.366,1.742,-7.649,97.891,614.4,58.1,75.9,High,domain-edge (prediction unreliable),1213
Degarelix,1.515,1.738,-0.907,91.907,1632.3,57.9,75.8,High,domain-edge (prediction unreliable),1214
Pivampicillin,1.324,1.73,-0.477,81.063,463.6,57.7,75.6,High,ok,1215
Proflavine,2.552,1.732,8.909,76.111,209.3,35.8,75.6,High,ok,1216
Tacrine,2.696,1.732,2.697,61.452,198.3,47.8,75.6,High,ok,1217
Nimesulide,2.759,1.733,-4.157,92.604,308.3,57.8,75.6,High,ok,1218
Menadione,2.012,1.731,-1.803,67.83,172.2,57.7,75.6,High,ok,1219
Seladelpar,5.053,1.732,-3.189,105.029,444.5,57.7,75.6,High,ok,1220
Benzocaine,1.446,1.727,0.303,61.782,165.2,57.6,75.5,High,ok,1221
Eucalyptol,2.744,1.729,3.607,50.034,154.3,44.8,75.5,High,ok,1222
Cabotegravir,0.963,1.725,0.036,78.19,405.4,57.5,75.4,High,ok,1223
Triprolidine,3.918,1.718,2.707,60.25,278.4,47.4,75.3,High,ok,1224
Manganese cation,-0.002,1.717,-0.35,50.646,54.9,57.2,75.2,High,domain-edge (prediction unreliable),1225
Alfuzosin,1.351,1.711,2.591,71.506,389.5,47.6,75.1,High,ok,1226
Diphenhydramine,3.354,1.707,3.118,64.206,255.4,45.7,75.0,High,ok,1227
Dolutegravir,1.353,1.704,0.562,79.148,419.4,56.8,74.9,High,ok,1228
Tiagabine,5.045,1.705,-0.432,93.841,375.6,56.8,74.9,High,ok,1229
Bunamiodyl,5.117,1.699,8.248,95.172,639.0,35.9,74.8,High,domain-edge (prediction unreliable),1230
Kava,2.665,1.701,-2.131,70.016,232.3,56.7,74.8,High,ok,1231
Revefenacin,4.836,1.696,6.382,72.934,597.8,38.3,74.7,High,ok,1232
Benactyzine,2.808,1.695,10.306,58.673,327.4,33.9,74.7,High,ok,1233
Oxolamine,2.621,1.696,12.838,64.058,245.3,33.9,74.7,High,ok,1234
Paroxetine,3.327,1.688,5.845,86.261,329.4,39.0,74.5,High,ok,1235
Parethoxycaine,2.584,1.69,12.843,58.902,265.4,33.8,74.5,High,ok,1236
Didecyldimethylammonium,7.344,1.687,22.873,61.379,326.6,33.7,74.5,High,ok,1237
Melatonin,1.855,1.687,1.128,69.122,232.3,55.1,74.5,High,ok,1238
Hydroxychloroquine,3.783,1.686,49.334,64.756,335.9,33.7,74.4,High,ok,1239
Alosetron,2.408,1.682,1.205,67.705,294.4,54.3,74.3,High,ok,1240
Methylergometrine,1.925,1.681,8.472,65.609,339.4,35.2,74.3,High,ok,1241
Vancomycin,0.106,1.676,-0.888,103.909,1449.3,55.9,74.2,High,domain-edge (prediction unreliable),1242
Flosequinan,1.415,1.677,0.628,63.963,239.3,55.9,74.2,High,ok,1243
Nalmefene,2.513,1.674,2.798,61.683,339.4,45.8,74.1,High,ok,1244
Gemfibrozil,3.573,1.672,-1.11,89.741,250.3,55.7,74.1,High,ok,1245
Isoxicam,1.482,1.672,-2.665,93.148,335.3,55.7,74.1,High,ok,1246
Sofpironium,2.39,1.673,-0.403,67.199,390.5,55.8,74.1,High,ok,1247
Trilostane,3.467,1.67,0.38,83.165,329.4,55.7,74.0,High,ok,1248
Valbenazine,3.564,1.669,3.691,67.106,418.6,43.0,74.0,High,ok,1249
Mefenamic acid,3.745,1.671,-3.129,98.847,241.3,55.7,74.0,High,ok,1250
Ethyl biscoumacetate,3.006,1.667,0.259,96.712,408.4,55.6,73.9,High,ok,1251
Cyclothiazide,1.23,1.663,0.469,87.825,389.9,55.4,73.8,High,ok,1252
Brilliant green cation,5.954,1.659,24.238,59.179,385.6,33.2,73.7,High,ok,1253
Naldemedine,3.48,1.654,3.217,90.838,570.6,43.9,73.6,High,ok,1254
Odevixibat,5.879,1.652,-3.618,103.151,740.9,55.1,73.5,High,domain-edge (prediction unreliable),1255
Diethyltoluamide,2.477,1.648,1.632,48.669,191.3,50.2,73.4,High,ok,1256
Bortezomib,0.361,1.649,0.968,83.355,384.2,55.0,73.4,High,ok,1257
Podofilox,2.409,1.646,-1.91,89.133,414.4,54.9,73.3,High,ok,1258
Chlorine,1.379,1.636,4.294,42.356,70.9,40.7,73.1,High,domain-edge (prediction unreliable),1259
Indapamide,2.083,1.638,-1.347,85.992,365.8,54.6,73.1,High,ok,1260
Diltiazem,3.369,1.63,-2.418,70.799,414.5,54.3,72.9,High,ok,1261
Bismuth subcarbonate,-3.446,1.629,-2.221,109.767,60.0,54.3,72.9,High,domain-edge (prediction unreliable),1262
Secobarbital,1.351,1.626,-1.465,60.993,238.3,54.2,72.8,High,ok,1263
Bufexamac,1.913,1.622,-1.355,78.952,223.3,54.1,72.7,High,ok,1264
Magnesium cation,-0.381,1.621,0.515,50.797,24.3,54.0,72.7,High,domain-edge (prediction unreliable),1265
Taletrectinib,3.856,1.62,9.314,89.774,405.5,33.1,72.6,High,ok,1266
Ivabradine,3.31,1.617,1.001,60.175,468.6,53.9,72.6,High,ok,1267
Oxyphencyclimine,2.732,1.619,0.143,64.564,344.5,54.0,72.6,High,ok,1268
Levothyroxine,4.557,1.614,17.525,94.564,776.9,32.3,72.5,High,domain-edge (prediction unreliable),1269
Silicon,-0.381,1.613,0.155,52.047,28.1,53.8,72.4,High,domain-edge (prediction unreliable),1270
Indocyanine green acid form,8.713,1.61,-1.886,93.172,753.0,53.7,72.4,High,domain-edge (prediction unreliable),1271
Polydatin,0.447,1.611,4.493,87.263,390.4,39.7,72.4,High,ok,1272
Mebutamate,1.229,1.607,1.44,54.089,232.3,50.2,72.3,High,ok,1273
Isocarboxazid,1.418,1.606,-3.828,64.104,231.3,53.5,72.3,High,ok,1274
Cobalt,-0.002,1.604,0.62,51.473,58.9,53.5,72.2,High,domain-edge (prediction unreliable),1275
Benzatropine,4.418,1.606,5.247,73.243,307.4,38.1,72.2,High,ok,1276
Olaparib,2.347,1.603,-5.224,75.266,434.5,53.4,72.2,High,ok,1277
Fluvastatin,4.628,1.601,-0.291,96.145,411.5,53.4,72.1,High,ok,1278
Clarithromycin,2.44,1.596,7.428,53.243,748.0,34.7,72.0,High,domain-edge (prediction unreliable),1279
Dipivefrin,2.842,1.592,3.545,74.054,351.4,41.4,71.9,High,ok,1280
Piroxicam,1.581,1.591,-2.692,90.132,331.4,53.0,71.8,High,ok,1281
Deoxycholic acid,4.478,1.59,-2.083,92.557,392.6,53.0,71.8,High,ok,1282
Tavaborole,0.043,1.589,0.412,61.786,151.9,53.0,71.8,High,ok,1283
Isoaminile,3.444,1.581,1.947,54.626,244.4,46.6,71.6,High,ok,1284
Fluprednisolone,1.506,1.583,1.212,66.051,378.4,51.0,71.6,High,ok,1285
Bupropion,3.299,1.58,9.175,56.768,239.7,32.4,71.5,High,ok,1286
Protionamide,1.668,1.58,-1.041,50.774,180.3,52.7,71.5,High,ok,1287
Ethinamate,1.418,1.576,-1.684,57.062,167.2,52.5,71.4,High,ok,1288
Armodafinil,2.01,1.574,-3.978,73.518,273.4,52.5,71.4,High,ok,1289
Dolasetron,2.519,1.57,2.671,80.535,324.4,43.4,71.2,High,ok,1290
Arsenic trioxide,-1.068,1.57,-2.455,74.355,197.8,52.3,71.2,High,ok,1291
Lauric acid,3.992,1.557,-0.23,88.049,200.3,51.9,70.9,High,ok,1292
Tetradecyl hydrogen sulfate (ester),4.217,1.559,7.632,85.642,294.5,33.6,70.9,High,ok,1293
Ursodeoxycholic acid,4.478,1.554,-2.325,91.43,392.6,51.8,70.8,High,ok,1294
Vecuronium,5.966,1.553,6.888,69.607,557.8,34.4,70.8,High,ok,1295
Levocabastine,4.894,1.553,-2.65,87.567,420.5,51.8,70.7,High,ok,1296
Edoxaban,1.29,1.55,9.555,71.456,548.1,31.4,70.7,High,ok,1297
Domiphen,6.063,1.552,17.876,66.93,334.6,31.0,70.7,High,ok,1298
Rimegepant,4.49,1.546,4.132,74.898,534.6,38.8,70.6,High,ok,1299
Dimenhydrinate,2.968,1.537,8.339,82.97,255.4,32.4,70.3,High,ok,1300
Chenodeoxycholic acid,4.478,1.538,-2.029,91.381,392.6,51.3,70.3,High,ok,1301
Iptacopan,4.925,1.538,2.87,95.233,422.5,41.9,70.3,High,ok,1302
Trabectedin,3.413,1.535,1.978,90.944,761.9,45.1,70.2,High,domain-edge (prediction unreliable),1303
Isoxsuprine,2.871,1.535,1.855,67.518,301.4,45.7,70.2,High,ok,1304
Lubiprostone,4.31,1.534,-2.58,82.562,390.5,51.1,70.2,High,ok,1305
Escitalopram,3.813,1.532,5.134,62.215,324.4,36.5,70.1,High,ok,1306
Citalopram,3.813,1.526,5.326,62.089,324.4,36.1,70.0,High,ok,1307
Bromothalonil,2.342,1.525,-0.699,50.22,265.9,50.8,69.9,Medium,ok,1308
Cerivastatin,4.881,1.523,-0.66,93.071,459.6,50.8,69.9,Medium,ok,1309
Losartan,4.267,1.523,-2.585,99.652,422.9,50.8,69.9,Medium,ok,1310
Cetrimonium,6.174,1.521,17.861,60.135,284.6,30.4,69.8,Medium,ok,1311
Mequinol,1.401,1.519,-0.682,51.437,124.1,50.6,69.8,Medium,ok,1312
Mephenytoin,1.474,1.522,-3.224,61.729,218.3,50.7,69.8,Medium,ok,1313
Bacampicillin,1.296,1.517,-0.843,72.992,465.5,50.6,69.7,Medium,ok,1314
Amobarbital,1.185,1.516,0.738,60.717,226.3,50.5,69.7,Medium,ok,1315
Propoxycaine,2.556,1.516,16.288,57.823,294.4,30.3,69.7,Medium,ok,1316
Tripelennamine,2.65,1.513,0.693,56.656,255.4,50.4,69.6,Medium,ok,1317
Laropiprant,4.39,1.512,-1.774,96.326,435.9,50.4,69.6,Medium,ok,1318
Phenacetin,2.044,1.515,1.821,58.505,179.2,45.2,69.6,Medium,ok,1319
Ranolazine,2.308,1.511,0.328,65.252,427.5,50.4,69.5,Medium,ok,1320
Iofetamine I-123,3.22,1.51,18.744,62.496,299.2,30.2,69.5,Medium,ok,1321
Etoposide,1.339,1.508,2.673,92.13,588.6,41.7,69.4,Medium,ok,1322
Lamotrigine,2.01,1.505,4.592,74.015,256.1,36.9,69.4,Medium,ok,1323
Cinnamyl alcohol,1.692,1.5,-0.413,53.601,134.2,50.0,69.2,Medium,ok,1324
Chlorobutanol,2.128,1.495,5.661,46.317,177.5,34.8,69.1,Medium,ok,1325
Hydrocortisone,1.782,1.488,0.784,65.176,362.5,49.6,68.9,Medium,ok,1326
Voriconazole,2.177,1.49,1.718,47.506,349.3,45.0,68.9,Medium,ok,1327
Norflurane,1.518,1.486,3.512,38.913,102.0,38.7,68.8,Medium,ok,1328
Cyanocobalamin Co-60,3.409,1.488,-6.179,71.942,1270.4,49.6,68.8,Medium,domain-edge (prediction unreliable),1329
Sulopenem etzadroxil,1.802,1.479,1.365,76.366,477.6,46.6,68.6,Medium,ok,1330
Ethchlorvynol,1.513,1.477,2.399,41.479,144.6,41.7,68.5,Medium,ok,1331
Prednisolone,1.558,1.473,1.199,65.989,360.5,47.5,68.4,Medium,ok,1332
Mepyramine,2.658,1.471,0.453,58.216,285.4,49.0,68.3,Medium,ok,1333
Dibenzepin,2.976,1.468,0.178,58.881,295.4,48.9,68.3,Medium,ok,1334
Alcloxa,-5.861,1.468,1.626,92.187,157.1,44.8,68.3,Medium,ok,1335
Dextromethorphan,3.383,1.469,1.286,59.321,271.4,46.8,68.3,Medium,ok,1336
Roxithromycin,2.21,1.467,8.751,45.385,837.1,30.5,68.2,Medium,domain-edge (prediction unreliable),1337
Carbinoxamine,3.403,1.465,10.606,59.048,290.8,29.3,68.2,Medium,ok,1338
Mivacurium,9.029,1.463,2.502,75.672,1029.3,41.0,68.1,Medium,domain-edge (prediction unreliable),1339
Cyclopenthiazide,1.598,1.463,1.202,86.611,379.9,47.2,68.1,Medium,ok,1340
Apremilast,2.434,1.463,-3.89,82.371,460.5,48.8,68.1,Medium,ok,1341
Iopanoic acid,3.736,1.463,9.814,93.249,570.9,29.4,68.1,Medium,ok,1342
Nicoboxil,2.055,1.46,2.244,51.723,223.3,41.8,68.0,Medium,ok,1343
Gefapixant,1.213,1.455,0.807,81.785,353.4,48.5,67.9,Medium,ok,1344
Cinnamaldehyde,1.899,1.457,-3.692,58.007,132.2,48.6,67.9,Medium,ok,1345
Technetium Tc-99m tetrofosmin,6.541,1.458,35.401,13.456,382.5,29.2,67.9,Medium,ok,1346
Lefamulin,3.867,1.45,0.773,73.832,507.7,48.3,67.7,Medium,ok,1347
Aluminum zirconium octachlorohydrex gly,-7.334,1.447,2.378,95.789,74.1,41.0,67.6,Medium,domain-edge (prediction unreliable),1348
Rose bengal,9.001,1.443,8.136,99.768,973.7,30.6,67.5,Medium,domain-edge (prediction unreliable),1349
Phenol,1.392,1.44,-0.785,45.132,94.1,48.0,67.4,Medium,domain-edge (prediction unreliable),1350
Molindone,1.963,1.441,5.879,52.885,276.4,33.2,67.4,Medium,ok,1351
Modafinil,2.01,1.442,-3.786,74.994,273.4,48.1,67.4,Medium,ok,1352
Phenylbutazone,3.788,1.441,-3.418,87.235,308.4,48.0,67.4,Medium,ok,1353
Cantharidin,0.644,1.437,-0.674,69.731,196.2,47.9,67.3,Medium,ok,1354
Liothyronine,3.953,1.437,12.391,94.405,651.0,28.7,67.3,Medium,domain-edge (prediction unreliable),1355
Pivhydrazine,1.854,1.437,-2.875,51.213,206.3,47.9,67.3,Medium,ok,1356
Rose bengal I-131,9.001,1.437,8.231,99.767,989.7,30.4,67.3,Medium,domain-edge (prediction unreliable),1357
Dezocine,3.114,1.432,0.943,63.286,245.4,47.7,67.2,Medium,ok,1358
Glycol salicylate,0.541,1.431,0.471,62.906,182.2,47.7,67.1,Medium,ok,1359
Nitroglycerin,-1.02,1.431,-4.873,60.451,227.1,47.7,67.1,Medium,ok,1360
Silodosin,3.071,1.427,5.182,72.122,495.5,34.0,67.0,Medium,ok,1361
Telithromycin,4.929,1.427,8.444,67.627,812.0,29.9,67.0,Medium,domain-edge (prediction unreliable),1362
Methsuximide,1.333,1.424,-5.179,59.666,203.2,47.5,66.9,Medium,ok,1363
Rufinamide,0.704,1.424,-3.837,63.944,238.2,47.5,66.9,Medium,ok,1364
Fostamatinib,3.095,1.424,4.821,89.523,580.5,34.5,66.9,Medium,ok,1365
Radium Ra 223 dichloride,-5.992,1.422,8.88,65.84,223.0,29.4,66.8,Medium,ok,1366
Ropinirole,2.846,1.421,9.153,54.818,260.4,29.1,66.8,Medium,ok,1367
Fencamfamin,3.178,1.422,4.004,51.442,215.3,36.0,66.8,Medium,ok,1368
Calcium,-0.381,1.418,0.241,46.362,40.1,47.3,66.7,Medium,domain-edge (prediction unreliable),1369
Guaiacol,1.401,1.416,-1.958,50.326,124.1,47.2,66.7,Medium,ok,1370
Tropicamide,2.206,1.412,1.269,47.92,284.4,45.1,66.5,Medium,ok,1371
Naftazone,0.92,1.412,-4.321,81.668,215.2,47.1,66.5,Medium,ok,1372
Vanadium,-0.002,1.408,1.032,46.28,50.9,46.7,66.4,Medium,domain-edge (prediction unreliable),1373
Fluvoxamine,3.202,1.409,10.175,74.926,318.3,28.2,66.4,Medium,ok,1374
Proparacaine,2.556,1.4,14.711,55.238,294.4,28.0,66.2,Medium,ok,1375
Prednisone,1.766,1.399,-0.589,67.257,358.4,46.6,66.1,Medium,ok,1376
Macimorelin,1.845,1.398,3.709,83.391,474.6,36.0,66.1,Medium,ok,1377
Fenfluramine,3.246,1.397,9.194,54.654,231.3,28.6,66.1,Medium,ok,1378
Indomethacin,3.927,1.395,-2.409,96.366,357.8,46.5,66.0,Medium,ok,1379
Cianidanol,1.546,1.392,1.846,76.983,290.3,41.5,65.9,Medium,ok,1380
Resorcinol monoacetate,1.318,1.391,-2.137,55.769,152.1,46.4,65.9,Medium,ok,1381
Dexfenfluramine,3.246,1.391,8.55,52.78,231.3,29.1,65.9,Medium,ok,1382
"1,2-Benzodiazepine",2.111,1.385,0.45,54.097,144.2,46.2,65.7,Medium,ok,1383
Iopydone,1.584,1.385,8.579,84.703,346.9,28.9,65.7,Medium,ok,1384
Pentobarbital,1.185,1.382,-0.649,55.877,226.3,46.1,65.6,Medium,ok,1385
Triamcinolone,0.62,1.374,1.885,61.459,394.4,40.8,65.4,Medium,ok,1386
Antazoline,2.695,1.375,-1.811,69.917,265.4,45.8,65.4,Medium,ok,1387
Osilodrostat,2.429,1.375,0.092,44.144,227.2,45.8,65.4,Medium,ok,1388
Mepivacaine,2.726,1.377,-1.103,47.749,246.4,45.9,65.4,Medium,ok,1389
Methapyrilene,2.711,1.371,0.957,53.832,261.4,45.7,65.2,Medium,ok,1390
Bortezomib D-mannitol,-1.134,1.363,3.558,78.363,530.4,35.4,65.0,Medium,ok,1391
Reboxetine,3.194,1.36,1.72,70.233,313.4,41.1,64.9,Medium,ok,1392
Chlorphenesin carbamate,1.175,1.359,3.088,71.524,245.7,36.4,64.9,Medium,ok,1393
Chlorphenesin,1.072,1.353,7.6,70.428,202.6,29.2,64.7,Medium,ok,1394
Meperidine,2.213,1.354,-0.703,50.445,247.3,45.1,64.7,Medium,ok,1395
Bismuth subnitrate,-4.57,1.349,-1.718,105.258,62.0,45.0,64.6,Medium,domain-edge (prediction unreliable),1396
Diethylpropion,2.6,1.347,6.192,44.005,205.3,30.7,64.5,Medium,ok,1397
Butalbital,0.961,1.346,-1.603,56.273,224.3,44.9,64.5,Medium,ok,1398
Resorcinol,1.098,1.345,-0.006,48.55,110.1,44.8,64.4,Medium,ok,1399
Iron,-0.002,1.342,1.135,43.428,55.8,43.7,64.3,Medium,domain-edge (prediction unreliable),1400
Uracil mustard,0.347,1.341,-1.003,62.261,252.1,44.7,64.3,Medium,ok,1401
Palbociclib,2.966,1.338,8.62,76.521,447.5,27.9,64.2,Medium,ok,1402
Irbesartan,4.777,1.339,-5.155,99.555,428.5,44.6,64.2,Medium,ok,1403
Letrozole,2.659,1.332,-2.923,59.366,285.3,44.4,64.0,Medium,ok,1404
Atomoxetine,3.725,1.331,3.245,69.915,255.4,35.3,64.0,Medium,ok,1405
Terazosin,1.057,1.329,-0.433,62.955,387.4,44.3,63.9,Medium,ok,1406
Gepirone,1.554,1.328,-1.691,51.82,359.5,44.3,63.9,Medium,ok,1407
Phensuximide,1.159,1.329,-4.682,56.153,189.2,44.3,63.9,Medium,ok,1408
Panobinostat,3.327,1.327,1.472,89.521,349.4,41.3,63.9,Medium,ok,1409
Tamsulosin,2.341,1.327,0.211,78.424,408.5,44.2,63.8,Medium,ok,1410
Glyburide,3.642,1.324,-4.439,99.474,494.0,44.1,63.8,Medium,ok,1411
Tapentadol,3.084,1.323,4.776,48.988,221.3,32.1,63.7,Medium,ok,1412
Chlorambucil,3.378,1.322,-1.723,87.12,304.2,44.1,63.7,Medium,ok,1413
Magnesium hydroxide,-0.734,1.323,1.457,52.163,24.3,41.2,63.7,Medium,domain-edge (prediction unreliable),1414
Chlormerodrin,0.324,1.322,1.827,53.248,367.2,39.5,63.7,Medium,ok,1415
Stannous chloride,-6.373,1.319,8.489,61.81,35.5,27.6,63.6,Medium,domain-edge (prediction unreliable),1416
Apomorphine,2.85,1.318,-0.037,70.963,267.3,43.9,63.6,Medium,ok,1417
Ethotoin,1.299,1.313,-4.472,50.581,204.2,43.8,63.4,Medium,ok,1418
Tenoxicam,1.642,1.314,-0.852,89.318,337.4,43.8,63.4,Medium,ok,1419
Tauroursodeoxycholic acid,3.397,1.313,0.694,85.461,499.7,43.8,63.4,Medium,ok,1420
Noscapine,2.882,1.308,-2.939,74.351,413.4,43.6,63.3,Medium,ok,1421
Isosorbide dinitrate,-1.062,1.311,-3.757,53.963,236.1,43.7,63.3,Medium,ok,1422
Cenobamate,1.163,1.31,-1.846,72.287,267.7,43.7,63.3,Medium,ok,1423
Rifapentine,5.648,1.305,9.437,89.714,877.0,26.5,63.2,Medium,domain-edge (prediction unreliable),1424
Carbetocin,-2.501,1.305,-5.536,75.231,988.2,43.5,63.1,Medium,domain-edge (prediction unreliable),1425
Ergometrine,1.535,1.304,7.923,59.541,325.4,27.8,63.1,Medium,ok,1426
Sodium tetradecyl sulfate,0.879,1.305,10.604,77.263,293.4,26.1,63.1,Medium,ok,1427
Mavacamten,2.291,1.305,1.297,69.025,273.3,41.5,63.1,Medium,ok,1428
Nepafenac,1.528,1.298,-2.861,71.436,254.3,43.3,62.9,Medium,ok,1429
Betamethasone phosphate,2.013,1.294,0.558,76.755,472.4,43.1,62.8,Medium,ok,1430
Clonidine,2.364,1.294,2.944,63.408,230.1,35.0,62.8,Medium,ok,1431
Brensocatib,1.728,1.29,1.884,81.677,420.5,38.3,62.7,Medium,ok,1432
Hexafluronium,8.24,1.284,9.161,69.704,502.7,26.3,62.5,Medium,ok,1433
Glimepiride,3.074,1.28,-4.196,99.615,490.6,42.7,62.3,Medium,ok,1434
Elafibranor,5.163,1.276,-3.386,103.097,384.5,42.5,62.2,Medium,ok,1435
Technetium Tc-99m pertechnetate,-3.301,1.277,3.196,60.621,18.0,34.0,62.2,Medium,domain-edge (prediction unreliable),1436
Levorphanol,3.08,1.272,1.034,53.57,257.4,42.1,62.1,Medium,ok,1437
Diclofenac,4.364,1.269,-1.086,94.821,296.2,42.3,62.0,Medium,ok,1438
Ethoheptazine,2.603,1.269,-0.091,49.998,261.4,42.3,62.0,Medium,ok,1439
Moclobemide,1.402,1.266,8.716,51.13,268.7,26.3,61.9,Medium,ok,1440
Benznidazole,1.108,1.263,-5.493,70.03,260.3,42.1,61.8,Medium,ok,1441
Thenyldiamine,2.711,1.26,0.812,52.183,261.4,42.0,61.7,Medium,ok,1442
Rocuronium,4.408,1.258,5.501,55.738,529.8,29.5,61.6,Medium,ok,1443
Dapsone,1.684,1.258,2.805,77.362,248.3,34.4,61.6,Medium,ok,1444
Bosentan,4.204,1.254,-1.007,98.9,551.6,41.8,61.5,Medium,ok,1445
Phosphorus,0.861,1.253,0.964,39.901,31.0,41.8,61.4,Medium,domain-edge (prediction unreliable),1446
Vernakalant,2.641,1.251,1.694,51.685,349.5,37.9,61.4,Medium,ok,1447
Mavorixafor,3.576,1.252,7.227,70.866,349.5,27.4,61.4,Medium,ok,1448
Zofenopril,4.043,1.249,-4.289,101.47,429.6,41.6,61.3,Medium,ok,1449
Flumazenil,1.774,1.246,-1.418,57.035,303.3,41.5,61.2,Medium,ok,1450
Oxyphenbutazone,3.493,1.245,-2.699,87.966,324.4,41.5,61.2,Medium,ok,1451
Hydroquinone,1.098,1.241,0.628,42.539,110.1,41.4,61.1,Medium,ok,1452
Glutethimide,1.771,1.24,-4.147,60.053,217.3,41.3,61.0,Medium,ok,1453
Idarubicin,1.02,1.232,15.53,81.829,497.5,24.6,60.8,Medium,ok,1454
Irinotecan,4.091,1.232,9.083,74.319,586.7,25.3,60.8,Medium,ok,1455
Triamterene,0.833,1.235,-0.485,74.931,253.3,41.2,60.8,Medium,ok,1456
Dapiprazole,2.288,1.233,-0.89,51.301,325.5,41.1,60.8,Medium,ok,1457
Efinaconazole,2.485,1.229,3.11,42.175,348.4,32.9,60.7,Medium,ok,1458
Apronalide,1.03,1.227,-2.977,48.682,184.2,40.9,60.6,Medium,ok,1459
Bucetin,1.795,1.229,3.884,58.234,223.3,31.3,60.6,Medium,ok,1460
Lumiracoxib,4.158,1.225,-1.968,93.578,293.7,40.8,60.5,Medium,ok,1461
Talbutal,0.961,1.223,-2.376,53.439,224.3,40.8,60.5,Medium,ok,1462
Meprobamate,0.983,1.225,-0.438,46.667,218.3,40.8,60.5,Medium,ok,1463
Metocurine iodide,1.46,1.223,16.352,81.427,652.8,24.5,60.4,Medium,domain-edge (prediction unreliable),1464
Clindamycin,0.39,1.222,2.061,53.008,425.0,35.6,60.4,Medium,ok,1465
Rifamycin,4.754,1.221,8.919,89.889,697.8,25.2,60.4,Medium,domain-edge (prediction unreliable),1466
Omacetaxine mepesuccinate,2.581,1.222,4.007,68.719,545.6,30.9,60.4,Medium,ok,1467
Rifabutin,4.616,1.219,10.255,87.76,847.0,24.4,60.3,Medium,domain-edge (prediction unreliable),1468
Rasagiline,1.897,1.209,0.067,49.83,171.2,40.3,60.0,Medium,ok,1469
Tegaserod,2.815,1.209,6.747,80.533,301.4,26.9,60.0,Medium,ok,1470
Benzyl alcohol,1.179,1.208,-0.519,41.857,108.1,40.3,60.0,Medium,ok,1471
Thonzylamine,2.053,1.211,-0.733,53.886,286.4,40.4,60.0,Medium,ok,1472
Emedastine,2.215,1.21,3.078,46.773,302.4,32.5,60.0,Medium,ok,1473
Gliquidone,3.519,1.207,-7.783,102.419,527.6,40.2,59.9,Medium,ok,1474
Pentagastrin,1.52,1.201,-2.664,90.187,767.9,40.0,59.7,Medium,domain-edge (prediction unreliable),1475
Eslicarbazepine acetate,3.064,1.195,-6.315,64.127,296.3,39.8,59.5,Medium,ok,1476
Ibutilide,4.164,1.188,19.5,57.759,384.6,23.8,59.3,Medium,ok,1477
Rucaparib,2.979,1.186,7.48,73.69,323.4,25.7,59.2,Medium,ok,1478
Vorinostat,2.471,1.187,-0.433,66.248,264.3,39.6,59.2,Medium,ok,1479
Pinacidil,2.164,1.186,2.889,59.892,245.3,32.2,59.2,Medium,ok,1480
Ataluren,3.241,1.171,-8.175,103.756,284.2,39.0,58.7,Medium,ok,1481
Lofexidine,2.762,1.17,9.418,63.342,259.1,23.8,58.7,Medium,ok,1482
Erythromycin,1.786,1.17,6.304,42.594,733.9,26.5,58.7,Medium,domain-edge (prediction unreliable),1483
Carmofur,0.814,1.166,-0.148,69.758,257.3,38.9,58.6,Medium,ok,1484
Krypton Kr 81m,0.0,1.167,1.261,41.255,80.9,37.3,58.6,Medium,domain-edge (prediction unreliable),1485
Isoflurophate,2.914,1.161,0.042,25.404,184.1,38.7,58.4,Medium,ok,1486
Eszopiclone,1.568,1.156,3.303,63.967,388.8,30.5,58.2,Medium,ok,1487
Ethyl chloride,1.245,1.156,4.395,31.912,64.5,28.6,58.2,Medium,domain-edge (prediction unreliable),1488
Methyclothiazide,0.598,1.153,-0.334,78.47,360.2,38.4,58.1,Medium,ok,1489
Diosmin,-1.09,1.153,5.234,92.648,608.5,27.4,58.1,Medium,domain-edge (prediction unreliable),1490
Ambroxol,3.187,1.149,14.985,64.391,378.1,23.0,58.0,Medium,ok,1491
Lidocaine,2.584,1.14,5.408,37.57,234.3,26.9,57.7,Medium,ok,1492
Undecylenic acid,3.378,1.136,-2.004,82.201,184.3,37.9,57.5,Medium,ok,1493
Daunorubicin,1.029,1.133,15.608,81.94,527.5,22.7,57.4,Medium,ok,1494
Articaine,2.17,1.132,0.844,62.433,284.4,37.7,57.4,Medium,ok,1495
Flurbiprofen,3.681,1.128,-4.748,90.838,244.3,37.6,57.3,Medium,ok,1496
Methylene blue,0.867,1.129,15.4,62.588,284.4,22.6,57.3,Medium,ok,1497
Carbimazole,1.561,1.126,-2.232,43.846,186.2,37.5,57.2,Medium,ok,1498
Indocyanine green,5.374,1.124,4.743,85.867,752.0,27.3,57.1,Medium,domain-edge (prediction unreliable),1499
Flecainide,3.441,1.123,4.975,53.766,414.3,27.0,57.1,Medium,ok,1500
Octasulfur,5.186,1.114,9.155,93.333,256.5,22.8,56.8,Medium,ok,1501
Esketamine,2.898,1.114,3.782,49.672,237.7,28.5,56.8,Medium,ok,1502
Florantyrone,4.535,1.115,-6.632,100.396,302.3,37.2,56.8,Medium,ok,1503
Levamisole,2.146,1.112,-3.818,49.3,204.3,37.1,56.7,Medium,ok,1504
Belinostat,2.006,1.105,-4.227,93.547,318.4,36.8,56.5,Medium,ok,1505
Butobarbital,0.939,1.103,-1.265,52.27,212.2,36.8,56.4,Medium,ok,1506
Oxcarbazepine,2.642,1.099,-5.904,68.033,252.3,36.6,56.3,Medium,ok,1507
Deferasirox,3.711,1.1,-8.364,101.707,373.4,36.7,56.3,Medium,ok,1508
Strontium chloride Sr-89,-6.373,1.098,8.356,58.457,88.9,23.1,56.2,Medium,domain-edge (prediction unreliable),1509
Cabergoline,3.194,1.096,12.619,57.891,451.6,21.9,56.2,Medium,ok,1510
Phentolamine,2.84,1.095,-1.892,69.043,281.4,36.5,56.1,Medium,ok,1511
Strontium chloride,-6.373,1.095,8.351,58.381,35.5,23.0,56.1,Medium,domain-edge (prediction unreliable),1512
Activated charcoal,0.081,1.091,1.052,37.903,12.0,36.1,56.0,Medium,domain-edge (prediction unreliable),1513
Nylidrin,3.425,1.092,4.64,58.912,299.4,26.7,56.0,Medium,ok,1514
Clobutinol,2.831,1.09,10.745,45.505,255.8,21.8,55.9,Medium,ok,1515
Zirconium chloride hydroxide,0.13,1.085,0.203,40.179,143.7,36.2,55.8,Medium,ok,1516
Propantheline,4.731,1.082,23.723,56.251,368.5,21.6,55.7,Medium,ok,1517
Phloxine B,1.674,1.082,15.988,84.328,783.7,21.6,55.7,Medium,domain-edge (prediction unreliable),1518
Mirabegron,2.772,1.078,3.257,75.711,396.5,28.6,55.5,Medium,ok,1519
Capecitabine,0.76,1.074,3.165,59.225,359.4,28.6,55.4,Medium,ok,1520
Palonosetron,2.657,1.074,1.434,49.482,296.4,33.6,55.4,Medium,ok,1521
Sodium lauryl sulfate,0.388,1.072,8.606,74.615,265.4,22.4,55.3,Medium,ok,1522
Felbamate,0.961,1.072,-4.609,51.211,238.2,35.7,55.3,Medium,ok,1523
Parecoxib,3.532,1.068,-7.801,97.303,370.4,35.6,55.2,Medium,ok,1524
Chromium,-0.002,1.062,0.552,39.484,52.0,35.4,55.0,Medium,domain-edge (prediction unreliable),1525
Selenium Sulfide,0.916,1.063,-2.317,44.563,143.1,35.4,55.0,Medium,ok,1526
Cyanocobalamin,2.722,1.058,-6.369,62.657,1355.4,35.3,54.9,Medium,domain-edge (prediction unreliable),1527
Tromantadine,1.65,1.06,2.874,42.735,280.4,28.9,54.9,Medium,ok,1528
Chromium Cr-51,-0.002,1.059,0.554,39.411,50.9,35.3,54.9,Medium,domain-edge (prediction unreliable),1529
Pitavastatin,4.518,1.06,-2.73,94.555,421.5,35.3,54.9,Medium,ok,1530
Remifentanil,2.0,1.057,-2.905,59.667,376.5,35.2,54.8,Medium,ok,1531
Ketamine,2.898,1.057,3.665,46.681,237.7,27.3,54.8,Medium,ok,1532
Remoxipride,2.68,1.049,8.666,52.111,371.3,21.9,54.6,Medium,ok,1533
Betrixaban,4.135,1.047,8.999,80.78,451.9,21.6,54.5,Medium,ok,1534
Rimantadine,2.55,1.047,2.74,48.743,179.3,28.8,54.5,Medium,ok,1535
Epinastine,2.467,1.048,-2.991,59.865,249.3,34.9,54.5,Medium,ok,1536
Iloprost,3.541,1.047,-2.53,77.764,360.5,34.9,54.5,Medium,ok,1537
Oxaprozin,4.026,1.048,-5.736,97.191,293.3,34.9,54.5,Medium,ok,1538
Azapropazone,1.84,1.042,-4.584,79.427,298.3,34.7,54.3,Medium,ok,1539
Isavuconazonium,4.585,1.039,5.851,79.384,717.8,24.0,54.2,Medium,domain-edge (prediction unreliable),1540
Ethanolamine oleate,5.046,1.037,1.693,84.614,282.5,31.4,54.1,Medium,ok,1541
Ribociclib,2.796,1.036,11.686,66.285,434.5,20.7,54.1,Medium,ok,1542
Trimethobenzamide,2.583,1.031,1.089,62.569,388.5,33.9,53.9,Medium,ok,1543
Zopiclone,1.568,1.028,3.265,62.884,388.8,27.2,53.8,Medium,ok,1544
Risdiplam,1.963,1.026,3.61,69.94,401.5,26.6,53.8,Medium,ok,1545
Metocurine,7.452,1.022,11.823,75.072,652.8,20.4,53.6,Medium,domain-edge (prediction unreliable),1546
Alfentanil,1.384,1.018,-2.878,48.603,416.5,33.9,53.5,Medium,ok,1547
Amineptine,4.499,1.015,-2.694,88.481,337.5,33.8,53.4,Medium,ok,1548
Liotrix,-0.151,1.012,35.622,88.707,775.9,20.2,53.3,Medium,domain-edge (prediction unreliable),1549
Zonisamide,0.616,1.008,-1.293,68.194,212.2,33.6,53.1,Medium,ok,1550
Neon,0.0,1.005,1.323,37.075,20.2,31.9,53.0,Medium,domain-edge (prediction unreliable),1551
Chlorthalidone,0.924,1.005,-1.409,77.541,338.8,33.5,53.0,Medium,ok,1552
Abacavir,1.092,1.002,10.954,58.876,286.3,20.0,52.9,Medium,ok,1553
Sacubitril,3.835,0.997,-4.117,96.488,411.5,33.2,52.7,Medium,ok,1554
Benzquinamide,2.423,0.985,1.472,44.633,404.5,30.6,52.3,Medium,ok,1555
Anastrozole,2.929,0.982,-2.993,39.599,293.4,32.7,52.2,Medium,ok,1556
Tropisetron,2.95,0.977,4.722,65.153,284.4,23.8,52.1,Medium,ok,1557
Butabarbital,0.795,0.975,-1.417,48.344,212.2,32.5,52.0,Medium,ok,1558
Hydrocortisone phosphate,1.899,0.96,0.687,69.118,442.4,32.0,51.5,Medium,ok,1559
Sulindac,4.366,0.959,-5.362,94.408,356.4,32.0,51.4,Medium,ok,1560
Neoarsphenamine,-2.877,0.959,12.1,81.032,443.2,19.2,51.4,Medium,ok,1561
Physostigmine,1.774,0.956,1.195,45.019,275.4,30.9,51.3,Medium,ok,1562
Etamivan,1.883,0.951,0.537,42.237,223.3,31.7,51.2,Medium,ok,1563
Oseltamivir,1.285,0.954,-0.964,45.363,312.4,31.8,51.2,Medium,ok,1564
Sulfinpyrazone,3.796,0.947,-6.591,89.524,404.5,31.6,51.0,Medium,ok,1565
Hydroflumethiazide,0.014,0.943,-0.934,76.801,331.3,31.4,50.9,Medium,ok,1566
Iopodic acid,3.739,0.942,13.249,89.491,598.0,18.8,50.9,Medium,ok,1567
Chloramphenicol,0.909,0.944,0.759,55.07,323.1,31.5,50.9,Medium,ok,1568
Vonoprazan,2.646,0.941,-0.582,74.332,345.4,31.4,50.8,Medium,ok,1569
Spiramycin,2.325,0.94,4.94,48.484,843.1,22.6,50.8,Medium,domain-edge (prediction unreliable),1570
Pheniramine,3.165,0.938,3.512,44.63,240.4,24.5,50.7,Medium,ok,1571
Micafungin,-3.902,0.934,-5.877,95.864,1270.3,31.1,50.6,Medium,domain-edge (prediction unreliable),1572
Methylphenobarbital,1.043,0.933,-3.105,65.259,246.3,31.1,50.5,Medium,ok,1573
Chlormezanone,1.616,0.931,0.458,68.49,273.7,31.0,50.5,Medium,ok,1574
Fosphenytoin,1.549,0.929,-0.657,80.292,362.3,31.0,50.4,Medium,ok,1575
Prednisolone phosphate,1.675,0.928,1.153,69.736,440.4,30.2,50.3,Medium,ok,1576
Helium,0.0,0.923,1.624,38.623,4.0,28.2,50.2,Medium,domain-edge (prediction unreliable),1577
Diphenylguanidine,3.145,0.917,1.366,64.863,211.3,28.9,50.0,Medium,ok,1578
Chloroprocaine,2.421,0.917,17.121,45.119,270.8,18.3,50.0,Medium,ok,1579
Alloin,-0.891,0.912,7.471,76.495,418.4,19.8,49.8,Medium,ok,1580
Technetium Tc-99m pyrophosphate,-3.342,0.912,-5.099,95.576,173.9,30.4,49.8,Medium,ok,1581
Prilocaine,2.322,0.908,0.633,47.759,220.3,30.3,49.7,Medium,ok,1582
Diamorphine,1.989,0.906,-0.896,48.932,369.4,30.2,49.6,Medium,ok,1583
Pipradrol,3.065,0.904,-2.116,54.213,267.4,30.1,49.5,Medium,ok,1584
Magnesium,-0.916,0.9,0.623,30.547,26.3,30.0,49.4,Medium,domain-edge (prediction unreliable),1585
Fursultiamine,2.5,0.897,-0.033,57.489,398.6,29.9,49.3,Medium,ok,1586
Cetrorelix,-0.506,0.899,-2.844,71.242,1431.1,30.0,49.3,Medium,domain-edge (prediction unreliable),1587
Naphazoline,2.384,0.894,-1.96,61.688,210.3,29.8,49.2,Medium,ok,1588
Lacosamide,0.454,0.894,-3.754,49.955,250.3,29.8,49.2,Medium,ok,1589
Trichlormethiazide,0.821,0.896,0.108,80.511,380.7,29.9,49.2,Medium,ok,1590
Amlexanox,2.745,0.891,-2.963,98.826,298.3,29.7,49.1,Medium,ok,1591
Salicylamide,0.491,0.889,-3.195,44.095,137.1,29.6,49.0,Medium,ok,1592
Atosiban,-3.045,0.889,-3.291,72.421,994.2,29.6,49.0,Medium,domain-edge (prediction unreliable),1593
Etodolac,3.383,0.886,-0.644,90.815,287.4,29.5,48.9,Medium,ok,1594
Kaolin,-10.375,0.882,-5.151,104.351,168.2,29.4,48.8,Medium,ok,1595
Huperzine A,1.998,0.881,-1.426,46.876,242.3,29.4,48.7,Medium,ok,1596
Iobenguane,1.065,0.881,12.083,61.324,275.1,17.6,48.7,Medium,ok,1597
Quaternium-24,3.568,0.881,22.441,46.46,298.6,17.6,48.7,Medium,ok,1598
Diazoxide,1.873,0.877,1.246,87.025,230.7,28.1,48.6,Medium,ok,1599
Nalbuphine,1.707,0.876,3.778,49.467,357.5,22.5,48.6,Medium,ok,1600
Ethionamide,1.278,0.875,-1.514,37.321,166.2,29.2,48.5,Medium,ok,1601
Ajmaline,1.554,0.874,4.043,45.903,326.4,22.1,48.5,Medium,ok,1602
Levocetirizine,3.148,0.867,4.061,89.153,388.9,21.9,48.2,Medium,ok,1603
Fenoprofen,3.667,0.86,-3.537,90.532,242.3,28.7,48.0,Medium,ok,1604
Alcaftadine,2.779,0.856,-2.077,56.239,307.4,28.5,47.8,Medium,ok,1605
Zomepirac,2.845,0.852,-0.414,93.632,291.7,28.4,47.7,Medium,ok,1606
Topiramate,-0.395,0.843,2.128,41.316,339.4,24.4,47.4,Medium,ok,1607
Hesperidin,-1.157,0.841,2.739,86.134,610.6,23.1,47.3,Medium,domain-edge (prediction unreliable),1608
Ibuprofen,3.073,0.841,-2.468,81.415,206.3,28.0,47.3,Medium,ok,1609
Dexibuprofen,3.073,0.841,-2.384,79.797,206.3,28.0,47.3,Medium,ok,1610
Mephenesin,0.727,0.839,1.268,58.073,182.2,26.8,47.3,Medium,ok,1611
Chlorphentermine,2.62,0.837,6.588,45.541,183.7,18.8,47.2,Medium,ok,1612
Levosimendan,1.362,0.835,-2.614,72.09,280.3,27.8,47.1,Medium,ok,1613
Hydroxycitronellal,2.153,0.828,3.436,30.356,172.3,21.7,46.9,Medium,ok,1614
Colchicine,2.872,0.825,-2.282,56.53,399.4,27.5,46.8,Medium,ok,1615
Propranolol,2.578,0.824,4.473,66.001,259.3,20.3,46.7,Medium,ok,1616
Mechlorethamine,1.396,0.823,4.657,23.883,156.1,20.1,46.7,Medium,ok,1617
Zinc,-0.002,0.82,1.561,39.305,65.4,25.2,46.6,Medium,domain-edge (prediction unreliable),1618
Vibegron,2.766,0.82,0.121,69.318,444.5,27.3,46.6,Medium,ok,1619
Trimethoprim,1.258,0.81,-0.83,59.76,290.3,27.0,46.2,Medium,ok,1620
Naratriptan,2.069,0.806,8.703,51.149,335.5,16.8,46.1,Medium,ok,1621
Nitric Oxide,-0.447,0.806,-3.913,38.144,30.0,26.9,46.1,Medium,domain-edge (prediction unreliable),1622
Bendamustine,3.265,0.804,0.545,77.134,358.3,26.8,46.1,Medium,ok,1623
Aurothioglucose,-2.019,0.806,1.322,54.542,392.2,25.6,46.1,Medium,ok,1624
Adrafinil,2.03,0.806,-2.855,79.205,289.4,26.9,46.1,Medium,ok,1625
Metharbital,0.501,0.8,-2.364,43.372,198.2,26.7,45.9,Medium,ok,1626
Sitagliptin,2.017,0.796,-2.563,35.053,407.3,26.5,45.8,Medium,ok,1627
Oxygen,0.067,0.793,-3.506,43.706,32.0,26.4,45.7,Medium,domain-edge (prediction unreliable),1628
Enprofylline,-0.177,0.793,-2.287,61.451,194.2,26.4,45.7,Medium,ok,1629
Cisplatin,1.7,0.786,1.733,33.199,300.0,23.7,45.4,Medium,ok,1630
Paraldehyde,1.088,0.782,1.326,32.205,132.2,24.8,45.3,Medium,ok,1631
Cetirizine,3.148,0.783,3.771,88.214,388.9,20.1,45.3,Medium,ok,1632
Cyclopentolate,2.18,0.778,1.245,37.509,291.4,25.0,45.2,Medium,ok,1633
Saxagliptin,1.158,0.779,-1.13,36.42,315.4,26.0,45.2,Medium,ok,1634
Acetaminophen,1.351,0.778,-0.422,43.478,151.2,25.9,45.2,Medium,ok,1635
Naloxone,1.301,0.772,0.193,56.703,327.4,25.7,44.9,Medium,ok,1636
Alprostadil,3.475,0.761,-2.956,69.021,354.5,25.4,44.6,Medium,ok,1637
Tedizolid,1.396,0.762,-1.539,83.245,370.3,25.4,44.6,Medium,ok,1638
Entacapone,1.781,0.752,2.114,64.755,305.3,21.8,44.3,Medium,ok,1639
Primaquine,2.783,0.754,18.165,63.867,259.4,15.1,44.3,Medium,ok,1640
Mercaptopurine,1.015,0.749,3.508,61.415,152.2,19.5,44.2,Medium,ok,1641
Landiolol,0.685,0.748,1.005,56.003,509.6,24.9,44.1,Medium,ok,1642
Nialamide,1.022,0.747,-2.232,58.306,298.3,24.9,44.1,Medium,ok,1643
Rutin,-1.687,0.744,5.664,85.51,610.5,17.3,44.0,Medium,domain-edge (prediction unreliable),1644
Dofetilide,1.983,0.742,2.586,69.016,441.6,20.6,43.9,Medium,ok,1645
Doxorubicin,0.001,0.74,15.985,78.288,543.5,14.8,43.8,Medium,ok,1646
Rivastigmine,2.76,0.736,1.118,32.412,250.3,24.1,43.7,Medium,ok,1647
Unoprostone,4.255,0.737,-1.713,74.347,382.5,24.6,43.7,Medium,ok,1648
Pramipexole,1.582,0.735,5.03,51.539,211.3,17.6,43.7,Medium,ok,1649
Diflunisal,3.036,0.736,-2.505,93.7,250.2,24.5,43.7,Medium,ok,1650
NITHIAMIDE,1.01,0.734,-3.318,61.314,187.2,24.5,43.6,Medium,ok,1651
Labetalol,2.135,0.731,3.85,61.303,328.4,18.7,43.5,Medium,ok,1652
Thimerosal,-1.418,0.724,6.809,78.973,381.8,16.1,43.3,Medium,ok,1653
Sodium lauryl sulfoacetate,-0.0,0.722,6.333,80.59,307.4,16.3,43.2,Medium,ok,1654
Linezolid,1.124,0.722,-1.993,37.171,337.4,24.1,43.2,Medium,ok,1655
Magaldrate,-14.694,0.717,-8.932,113.183,96.1,23.9,43.1,Medium,domain-edge (prediction unreliable),1656
Edaravone,1.799,0.719,-4.339,62.761,174.2,24.0,43.1,Medium,ok,1657
Epirubicin,0.001,0.717,15.737,78.022,543.5,14.3,43.1,Medium,ok,1658
Bumadizone,3.938,0.716,-2.221,90.885,326.4,23.9,43.0,Medium,ok,1659
Rubidium Rb-82,-2.996,0.714,3.932,38.643,81.9,18.1,43.0,Medium,domain-edge (prediction unreliable),1660
Brivaracetam,0.899,0.716,-2.128,35.759,212.3,23.9,43.0,Medium,ok,1661
Azithromycin,1.901,0.71,8.064,33.6,749.0,15.1,42.8,Medium,domain-edge (prediction unreliable),1662
Lorcaserin,2.589,0.708,7.927,46.838,195.7,15.1,42.7,Medium,ok,1663
Naltrexone,1.525,0.706,1.225,52.09,341.4,22.7,42.7,Medium,ok,1664
Rilmenidine,1.151,0.704,-0.107,40.72,180.3,23.5,42.6,Medium,ok,1665
Raltegravir,0.912,0.701,-2.472,78.403,444.4,23.4,42.5,Medium,ok,1666
Minoxidil,-0.13,0.698,2.484,53.278,209.3,19.6,42.4,Medium,ok,1667
Dioctyldimonium,5.784,0.693,18.024,36.24,270.5,13.9,42.3,Medium,ok,1668
Ozenoxacin,3.755,0.695,-2.119,94.237,363.4,23.2,42.3,Medium,ok,1669
Methyprylon,1.128,0.688,-0.961,26.504,183.3,22.9,42.1,Medium,ok,1670
Diclofenamide,0.288,0.688,0.973,69.066,305.2,22.9,42.1,Medium,ok,1671
Aluminium phosphate,-3.205,0.678,-1.637,77.329,95.0,22.6,41.7,Medium,domain-edge (prediction unreliable),1672
Cocaine,1.868,0.677,-1.62,55.1,303.4,22.6,41.7,Medium,ok,1673
Hypochlorite,-0.5,0.674,1.362,24.975,51.5,21.3,41.6,Medium,domain-edge (prediction unreliable),1674
Nitrogen,0.03,0.672,-3.011,26.996,28.0,22.4,41.5,Medium,domain-edge (prediction unreliable),1675
Fezolinetant,2.461,0.662,-3.265,63.41,358.4,22.1,41.2,Medium,ok,1676
Nateglinide,3.261,0.663,-2.501,92.124,317.4,22.1,41.2,Medium,ok,1677
Doxylamine,2.923,0.655,2.109,39.937,270.4,19.0,41.0,Medium,ok,1678
Fenoldopam,2.734,0.657,3.813,68.87,305.8,16.8,41.0,Medium,ok,1679
Protocatechualdehyde,0.91,0.653,-1.481,51.108,138.1,21.8,40.9,Medium,ok,1680
Hydrogen fluoride,0.152,0.65,0.863,21.222,20.0,21.7,40.8,Medium,domain-edge (prediction unreliable),1681
Steviolbioside,-0.197,0.648,-2.969,73.368,642.7,21.6,40.7,Medium,domain-edge (prediction unreliable),1682
Glibornuride,2.169,0.644,-1.521,92.58,366.5,21.5,40.6,Medium,ok,1683
Naproxen,3.037,0.642,-4.144,89.11,230.3,21.4,40.5,Medium,ok,1684
Estrone sulfate,3.293,0.639,-0.793,93.367,350.4,21.3,40.4,Medium,ok,1685
Acetylene,0.249,0.634,0.993,23.878,26.0,21.1,40.3,Medium,domain-edge (prediction unreliable),1686
Ritodrine,2.352,0.636,0.536,49.566,287.4,21.2,40.3,Medium,ok,1687
Cobalt chloride,-5.994,0.628,7.696,45.276,35.5,13.5,40.1,Medium,domain-edge (prediction unreliable),1688
Alprenolol,2.153,0.628,2.37,52.667,249.4,17.8,40.1,Medium,ok,1689
Epoprostenol,3.409,0.628,-2.533,70.414,352.5,20.9,40.1,Medium,ok,1690
Bentiromide,3.07,0.627,-6.706,95.022,404.4,20.9,40.0,Medium,ok,1691
Carbazochrome,-1.29,0.624,-2.867,56.824,236.2,20.8,39.9,Low,ok,1692
Metipranolol,2.275,0.622,3.91,55.334,309.4,15.8,39.8,Low,ok,1693
Olodaterol,2.376,0.613,1.331,70.488,386.4,19.4,39.6,Low,ok,1694
Valproic acid,2.287,0.611,-2.072,50.579,144.2,20.4,39.5,Low,ok,1695
Primidone,0.538,0.609,-3.152,49.433,218.3,20.3,39.4,Low,ok,1696
Metyrapone,2.637,0.605,-0.213,27.487,226.3,20.2,39.3,Low,ok,1697
Colchiceine,2.569,0.604,-2.151,59.999,385.4,20.1,39.2,Low,ok,1698
Brimonidine,1.763,0.598,4.547,59.4,292.1,14.7,39.1,Low,ok,1699
Samarium (153Sm) lexidronam,-3.765,0.598,-4.045,64.424,433.1,19.9,39.1,Low,ok,1700
Treprostinil,3.583,0.599,-2.094,95.35,390.5,20.0,39.1,Low,ok,1701
Milrinone,1.617,0.6,-3.566,63.089,211.2,20.0,39.1,Low,ok,1702
Artesunate,2.602,0.599,-1.41,87.588,384.4,20.0,39.1,Low,ok,1703
Sulfaphenazole,2.255,0.593,-3.496,90.806,314.4,19.8,38.9,Low,ok,1704
Tizanidine,1.716,0.59,0.446,64.207,253.7,19.7,38.8,Low,ok,1705
ATH434,2.055,0.59,8.481,59.463,302.2,12.4,38.8,Low,ok,1706
Dalfopristin,2.269,0.586,7.469,49.175,690.9,12.7,38.7,Low,domain-edge (prediction unreliable),1707
Procaine,1.767,0.583,13.874,36.904,236.3,11.7,38.6,Low,ok,1708
Tiaprofenic acid,3.167,0.583,-1.595,89.371,260.3,19.4,38.6,Low,ok,1709
Mupirocin,2.593,0.58,-0.92,70.858,500.6,19.3,38.5,Low,ok,1710
Rifampin,4.335,0.581,10.561,80.661,823.0,11.6,38.5,Low,domain-edge (prediction unreliable),1711
Indalpine,3.1,0.581,9.905,54.431,228.3,11.7,38.5,Low,ok,1712
Alclofenac,2.532,0.578,-1.24,83.591,226.7,19.3,38.4,Low,ok,1713
Carindacillin,2.496,0.568,-4.761,96.12,494.6,18.9,38.1,Low,ok,1714
Naloxegol,1.864,0.568,17.64,27.412,651.8,11.4,38.1,Low,domain-edge (prediction unreliable),1715
Hydrocodone,1.933,0.57,-1.576,44.505,299.4,19.0,38.1,Low,ok,1716
Lincomycin,-0.857,0.567,0.556,36.984,406.5,18.9,38.0,Low,ok,1717
Maraviroc,5.951,0.566,4.92,49.071,513.7,13.6,38.0,Low,ok,1718
Acemetacin,3.471,0.561,-2.802,97.617,415.8,18.7,37.9,Low,ok,1719
Dobutamine,2.957,0.563,4.029,59.88,301.4,14.2,37.9,Low,ok,1720
Sulfapyridine,1.465,0.556,0.16,78.438,249.3,18.5,37.7,Low,ok,1721
Eslicarbazepine,2.493,0.555,-4.758,51.379,254.3,18.5,37.6,Low,ok,1722
Diphemanil,4.359,0.555,4.042,48.988,278.4,14.0,37.6,Low,ok,1723
Mecobalamin,0.925,0.551,-18.098,43.694,1344.4,18.4,37.5,Low,domain-edge (prediction unreliable),1724
Bicisate,-0.111,0.549,-0.763,36.161,324.5,18.3,37.4,Low,ok,1725
Tioguanine,0.598,0.549,3.307,68.458,167.2,14.5,37.4,Low,ok,1726
Methylchloroisothiazolinone,1.1,0.544,0.568,42.199,149.6,18.1,37.3,Low,ok,1727
Tetryzoline,2.108,0.541,-1.294,44.895,200.3,18.0,37.2,Low,ok,1728
Phenacemide,0.424,0.536,-4.872,49.723,178.2,17.9,37.0,Low,ok,1729
Eluxadoline,4.159,0.535,-5.84,91.164,569.7,17.8,37.0,Low,ok,1730
Bromotheophylline,-0.277,0.535,-0.185,50.109,259.1,17.8,37.0,Low,ok,1731
Gallium chloride Ga-67,-9.369,0.534,8.481,52.922,66.9,11.2,37.0,Low,domain-edge (prediction unreliable),1732
Fenbufen,3.401,0.535,-4.844,95.43,254.3,17.8,37.0,Low,ok,1733
Technetium Tc-99m medronate,-4.881,0.533,-1.618,85.51,172.0,17.8,36.9,Low,ok,1734
Apraclonidine,1.947,0.533,6.897,54.103,245.1,11.8,36.9,Low,ok,1735
Methyl nicotinate,0.868,0.528,-1.867,36.458,137.1,17.6,36.8,Low,ok,1736
Omadacycline,1.322,0.525,7.005,67.19,556.7,11.6,36.7,Low,ok,1737
Fenoterol,2.058,0.525,1.856,50.589,303.4,15.6,36.7,Low,ok,1738
Bromfenac,2.889,0.521,0.122,91.14,334.2,17.4,36.5,Low,ok,1739
Methantheline,3.954,0.517,29.514,39.965,340.4,10.3,36.4,Low,ok,1740
Phendimetrazine,2.078,0.515,1.025,30.072,191.3,17.1,36.4,Low,ok,1741
Magnesium chloride,-6.373,0.517,7.428,43.816,35.5,11.2,36.4,Low,domain-edge (prediction unreliable),1742
Almasilate,-12.241,0.516,-8.105,107.097,92.1,17.2,36.4,Low,domain-edge (prediction unreliable),1743
Levobetaxolol,2.393,0.514,4.626,48.592,307.4,12.6,36.3,Low,ok,1744
Bilastine,4.857,0.511,0.558,72.22,463.6,17.0,36.2,Low,ok,1745
Thallous chloride,-3.377,0.509,7.357,43.427,35.5,11.1,36.1,Low,domain-edge (prediction unreliable),1746
Aminophenazone,1.55,0.508,-2.054,44.469,231.3,16.9,36.1,Low,ok,1747
Dexketoprofen,3.106,0.503,-2.52,88.93,254.3,16.8,36.0,Low,ok,1748
Protokylol,2.081,0.5,2.183,63.145,331.4,14.4,35.9,Low,ok,1749
Dequalinium,6.17,0.497,46.652,57.591,456.7,9.9,35.8,Low,ok,1750
Mitomycin,-1.651,0.496,-4.236,46.963,334.3,16.5,35.7,Low,ok,1751
Etryptamine,2.448,0.494,6.119,45.002,188.3,11.3,35.7,Low,ok,1752
Cholic Acid,3.449,0.495,-1.698,70.734,408.6,16.5,35.7,Low,ok,1753
Aluminum subacetate,-0.91,0.492,-3.556,42.241,162.1,16.4,35.6,Low,ok,1754
Formaldehyde,-0.185,0.49,-1.182,27.146,30.0,16.3,35.6,Low,domain-edge (prediction unreliable),1755
Levomilnacipran,1.771,0.488,1.247,35.972,246.4,15.6,35.5,Low,ok,1756
Minocycline,0.187,0.485,5.637,70.984,457.5,11.3,35.4,Low,ok,1757
Hydroxocobalamin,-0.216,0.484,-17.837,43.875,1346.4,16.1,35.4,Low,domain-edge (prediction unreliable),1758
Olopatadine,3.59,0.478,-1.639,85.684,337.4,15.9,35.2,Low,ok,1759
Ketoprofen,3.106,0.48,-2.469,89.609,254.3,16.0,35.2,Low,ok,1760
Ferric maltol,0.063,0.472,-5.271,84.742,125.1,15.7,35.0,Low,ok,1761
Hexaminolevulinate,1.418,0.471,-0.448,47.601,215.3,15.7,35.0,Low,ok,1762
Nitrofural,0.19,0.474,-4.054,62.931,198.1,15.8,35.0,Low,ok,1763
Metoclopramide,2.002,0.472,13.998,33.431,299.8,9.4,35.0,Low,ok,1764
Tramadol,2.635,0.469,1.38,33.603,263.4,14.8,34.9,Low,ok,1765
Trandolapril,2.773,0.465,-2.993,86.479,430.5,15.5,34.8,Low,ok,1766
Iodide I-131,-2.996,0.466,2.636,30.437,130.9,12.9,34.8,Low,ok,1767
Chromic chloride,-8.99,0.467,8.429,50.462,35.5,9.8,34.8,Low,domain-edge (prediction unreliable),1768
Phenobarbital,0.7,0.466,-3.289,61.871,232.2,15.5,34.8,Low,ok,1769
Hydrochlorothiazide,-0.351,0.462,-0.613,70.365,297.7,15.4,34.7,Low,ok,1770
Benfotiamine,2.63,0.464,0.969,71.072,466.5,15.5,34.7,Low,ok,1771
Fluoride ion,-2.996,0.459,2.1,21.94,19.0,13.3,34.6,Low,domain-edge (prediction unreliable),1772
Fluoride ion F-18,-2.996,0.457,2.103,21.882,18.0,13.3,34.5,Low,domain-edge (prediction unreliable),1773
Triclofos,1.466,0.458,5.812,55.505,229.4,10.6,34.5,Low,ok,1774
Arbutamine,2.449,0.457,4.162,62.779,317.4,11.5,34.5,Low,ok,1775
Iodide,-2.996,0.456,2.641,30.166,126.9,12.6,34.5,Low,ok,1776
Aceclofenac,3.907,0.456,-1.678,96.734,354.2,15.2,34.5,Low,ok,1777
Torasemide,2.53,0.455,-1.004,93.286,348.4,15.2,34.4,Low,ok,1778
Clidinium,2.705,0.455,1.759,43.191,352.5,13.7,34.4,Low,ok,1779
Dinoprostone,3.251,0.454,-3.387,65.518,352.5,15.1,34.4,Low,ok,1780
Quinethazone,0.879,0.452,3.677,66.863,289.7,11.7,34.4,Low,ok,1781
Febuxostat,3.723,0.451,-1.227,97.445,316.4,15.0,34.3,Low,ok,1782
Dehydrocholic acid,4.073,0.452,-6.375,76.922,402.5,15.1,34.3,Low,ok,1783
Sultamicillin,-0.589,0.443,-2.55,73.341,594.7,14.8,34.1,Low,ok,1784
Iodide I-123,-2.996,0.446,2.647,29.896,122.9,12.3,34.1,Low,ok,1785
Salsalate,2.31,0.44,-2.552,93.55,258.2,14.7,34.0,Low,ok,1786
Sulfadimethoxine,0.877,0.441,-0.711,86.755,310.3,14.7,34.0,Low,ok,1787
Pipobroman,1.227,0.44,-2.369,23.351,356.1,14.7,34.0,Low,ok,1788
Levobunolol,2.333,0.442,2.988,52.262,291.4,11.9,34.0,Low,ok,1789
Clofarabine,-0.349,0.439,6.582,52.502,303.7,9.8,33.9,Low,ok,1790
Doxacurium,7.71,0.433,0.723,58.509,1035.2,14.4,33.8,Low,domain-edge (prediction unreliable),1791
Dimercaprol,0.207,0.427,1.598,27.749,124.2,13.1,33.6,Low,ok,1792
Methylphenidate,2.085,0.425,-2.224,44.951,233.3,14.2,33.5,Low,ok,1793
Fexofenadine,5.511,0.417,0.301,73.63,501.7,13.9,33.3,Low,ok,1794
Difelikefalin,0.833,0.411,-3.162,63.02,679.9,13.7,33.1,Low,domain-edge (prediction unreliable),1795
Aminoglutethimide,1.353,0.408,-0.721,48.036,232.3,13.6,33.0,Low,ok,1796
Clenbuterol,2.997,0.41,10.078,40.943,277.2,8.2,33.0,Low,ok,1797
Canrenoic acid,3.89,0.409,-4.649,78.722,358.5,13.6,33.0,Low,ok,1798
Dexmethylphenidate,2.085,0.41,-2.668,44.057,233.3,13.7,33.0,Low,ok,1799
Hydralazine,0.915,0.407,-0.425,42.922,160.2,13.6,33.0,Low,ok,1800
Tolbutamide,1.783,0.409,-1.911,90.219,270.4,13.6,33.0,Low,ok,1801
Nitrous oxide,-0.158,0.405,-3.538,26.502,44.0,13.5,32.9,Low,domain-edge (prediction unreliable),1802
Guanfacine,1.546,0.406,3.899,62.302,246.1,10.3,32.9,Low,ok,1803
Dihydrocodeine,1.725,0.406,1.375,34.924,301.4,12.8,32.9,Low,ok,1804
Taurocholic acid,2.368,0.402,1.432,65.762,515.7,12.6,32.8,Low,ok,1805
Hexocyclium,2.847,0.4,3.801,27.417,317.5,10.2,32.7,Low,ok,1806
Mexiletine,2.029,0.393,2.728,42.186,179.3,10.8,32.5,Low,ok,1807
Gepotidacin,1.087,0.388,2.173,62.752,448.5,11.2,32.4,Low,ok,1808
Venlafaxine,3.036,0.388,1.175,27.355,277.4,12.6,32.4,Low,ok,1809
Carboprost,3.433,0.388,-2.15,61.501,368.5,12.9,32.4,Low,ok,1810
Fenofibric acid,3.813,0.384,0.687,96.028,318.8,12.8,32.3,Low,ok,1811
Suprofen,3.167,0.387,-1.643,87.62,260.3,12.9,32.3,Low,ok,1812
p-Phenylenediamine,0.851,0.383,3.422,33.201,108.1,10.0,32.2,Low,ok,1813
Gliclazide,1.63,0.383,-3.337,93.616,323.4,12.8,32.2,Low,ok,1814
Tolrestat,3.559,0.384,-3.81,94.383,357.4,12.8,32.2,Low,ok,1815
Glycopyrronium,2.456,0.378,1.507,35.611,318.4,11.7,32.1,Low,ok,1816
Thalidomide,0.088,0.381,-6.265,56.38,258.2,12.7,32.1,Low,ok,1817
Pemoline,0.599,0.379,-4.825,54.612,176.2,12.6,32.1,Low,ok,1818
Brinzolamide,0.087,0.375,-0.595,59.347,383.5,12.5,32.0,Low,ok,1819
Acetyl sulfisoxazole,1.615,0.372,-1.68,82.665,309.3,12.4,31.9,Low,ok,1820
Ethosuximide,0.449,0.37,-3.051,32.716,141.2,12.3,31.8,Low,ok,1821
Indecainide,3.217,0.369,4.16,50.5,308.4,9.2,31.8,Low,ok,1822
Scopolamine,0.918,0.368,0.886,41.694,303.4,12.3,31.8,Low,ok,1823
Nicorandil,0.02,0.367,-3.77,38.147,211.2,12.2,31.7,Low,ok,1824
Water,-0.825,0.367,1.453,19.563,18.0,11.4,31.7,Low,domain-edge (prediction unreliable),1825
Nafarelin,-1.413,0.366,-1.351,70.191,1322.5,12.2,31.7,Low,domain-edge (prediction unreliable),1826
Ximelagatran,1.1,0.363,-0.273,62.802,473.6,12.1,31.6,Low,ok,1827
Iopydol,0.411,0.363,8.98,72.925,421.0,7.5,31.6,Low,ok,1828
Codeine,1.501,0.36,0.421,31.386,299.4,12.0,31.5,Low,ok,1829
Disopyramide,3.362,0.359,5.258,34.666,339.5,8.5,31.5,Low,ok,1830
Tranylcypromine,1.501,0.358,-1.015,37.331,133.2,11.9,31.5,Low,ok,1831
Fluconazole,0.736,0.354,1.069,33.531,306.3,11.7,31.4,Low,ok,1832
Milnacipran,1.771,0.352,1.214,32.419,246.4,11.3,31.3,Low,ok,1833
Gentian violet cation,4.46,0.35,9.151,50.215,372.5,7.2,31.2,Low,ok,1834
Granisetron,2.318,0.349,5.489,48.261,312.4,8.2,31.2,Low,ok,1835
Latanoprost acid,3.319,0.346,-1.08,71.923,390.5,11.5,31.1,Low,ok,1836
Galantamine,1.85,0.342,1.302,33.677,287.4,10.9,31.0,Low,ok,1837
Fomepizole,0.718,0.339,3.135,27.5,82.1,9.0,30.9,Low,domain-edge (prediction unreliable),1838
Droxicam,0.991,0.34,-5.826,84.517,357.3,11.3,30.9,Low,ok,1839
Calcium Phosphate,-6.792,0.337,-5.112,82.689,95.0,11.2,30.8,Low,domain-edge (prediction unreliable),1840
Caprylic acid,2.432,0.334,-2.042,64.512,144.2,11.1,30.8,Low,ok,1841
Silver sulfadiazine,1.45,0.336,2.227,87.103,249.3,9.6,30.8,Low,ok,1842
Pancuronium,6.111,0.335,6.896,41.979,572.9,7.4,30.8,Low,ok,1843
Famciclovir,0.541,0.328,-0.433,48.742,321.3,10.9,30.6,Low,ok,1844
Betaxolol,2.393,0.327,4.593,45.753,307.4,8.0,30.5,Low,ok,1845
Niraparib,2.591,0.325,2.606,62.456,320.4,9.0,30.5,Low,ok,1846
Meticrane,0.362,0.321,-2.739,65.985,275.4,10.7,30.4,Low,ok,1847
Chlorisondamine,4.467,0.322,17.76,30.036,358.1,6.4,30.4,Low,ok,1848
Prucalopride,2.088,0.319,12.08,43.253,367.9,6.4,30.3,Low,ok,1849
Pentapiperium,3.598,0.315,5.317,32.329,304.5,7.5,30.2,Low,ok,1850
Nifurtimox,0.641,0.317,-1.523,56.911,287.3,10.6,30.2,Low,ok,1851
Methocarbamol,0.53,0.311,-4.357,48.708,241.2,10.4,30.1,Low,ok,1852
Tienilic acid,3.749,0.313,-0.578,98.685,331.2,10.4,30.1,Low,ok,1853
Melphalan,1.925,0.313,-3.753,64.298,305.2,10.4,30.1,Low,ok,1854
Calcium chloride,-6.373,0.31,7.228,38.874,40.1,6.8,30.1,Low,domain-edge (prediction unreliable),1855
Delafloxacin,1.918,0.31,-1.784,86.052,440.8,10.3,30.0,Low,ok,1856
Formoterol,2.223,0.306,1.44,51.73,344.4,9.6,29.9,Low,ok,1857
Bepotastine,4.17,0.301,7.507,68.882,388.9,6.5,29.8,Low,ok,1858
Dipyrithione,1.753,0.302,4.793,45.291,252.3,7.3,29.8,Low,ok,1859
Goserelin,-3.106,0.299,3.325,58.818,1269.4,7.9,29.7,Low,domain-edge (prediction unreliable),1860
Chlortetracycline,0.439,0.293,4.668,69.468,478.9,7.2,29.6,Low,ok,1861
Sulfisoxazole,1.674,0.294,-0.445,84.397,267.3,9.8,29.6,Low,ok,1862
Dimethyl fumarate,-0.111,0.294,-2.809,54.996,144.1,9.8,29.6,Low,ok,1863
Chlorpropamide,1.738,0.292,0.602,87.866,276.7,9.7,29.5,Low,ok,1864
Pyrantel,2.495,0.292,0.005,33.765,206.3,9.7,29.5,Low,ok,1865
Azathioprine,1.146,0.287,-0.431,70.994,277.3,9.6,29.4,Low,ok,1866
Tocainide,1.589,0.284,-1.622,34.158,192.3,9.5,29.3,Low,ok,1867
Dicloxacillin,3.202,0.281,-0.661,92.513,470.3,9.4,29.2,Low,ok,1868
Amrinone,1.019,0.276,-0.445,46.407,187.2,9.2,29.1,Low,ok,1869
Ambrisentan,3.516,0.271,-1.514,92.107,378.4,9.0,28.9,Low,ok,1870
Padeliporfin,4.772,0.269,-2.233,94.84,733.8,9.0,28.9,Low,domain-edge (prediction unreliable),1871
Technetium Tc-99m disofenin,2.341,0.271,-2.382,94.315,350.4,9.0,28.9,Low,ok,1872
Benzthiazide,2.243,0.271,-3.102,91.609,431.9,9.0,28.9,Low,ok,1873
Cobamamide,-0.664,0.266,-16.468,45.717,1579.6,8.9,28.8,Low,domain-edge (prediction unreliable),1874
Thiotepa,0.158,0.266,-0.996,19.971,189.2,8.9,28.8,Low,ok,1875
Etacrynic acid,3.606,0.258,-0.726,95.702,303.1,8.6,28.6,Low,ok,1876
Glipizide,2.078,0.255,-3.113,91.368,445.5,8.5,28.5,Low,ok,1877
Terpin hydrate,0.874,0.253,2.27,18.247,172.3,7.2,28.4,Low,ok,1878
Ecamsule,4.24,0.244,-5.636,91.548,562.7,8.1,28.2,Low,ok,1879
Celiprolol,2.891,0.245,9.002,44.292,379.5,5.0,28.2,Low,ok,1880
Guaifenesin,0.427,0.246,0.072,47.818,198.2,8.2,28.2,Low,ok,1881
Solriamfetol,0.652,0.244,-4.317,40.173,194.2,8.1,28.1,Low,ok,1882
Demeclocycline,0.265,0.234,4.755,68.52,464.9,5.7,27.9,Low,ok,1883
Oxycodone,1.048,0.235,-1.193,36.824,315.4,7.8,27.9,Low,ok,1884
Ciprofibrate,3.59,0.224,-0.335,89.987,289.2,7.5,27.6,Low,ok,1885
Methylprednisolone hemisuccinate,2.219,0.221,-3.361,83.582,474.6,7.4,27.5,Low,ok,1886
Trovafloxacin,1.894,0.216,-2.62,85.118,416.4,7.2,27.4,Low,ok,1887
Gabapentin enacarbil,2.683,0.217,-4.012,66.535,329.4,7.2,27.4,Low,ok,1888
Silanol,-1.741,0.215,0.922,17.163,48.1,7.2,27.3,Low,domain-edge (prediction unreliable),1889
Pirenzepine,1.559,0.21,-0.681,43.097,351.4,7.0,27.2,Low,ok,1890
Octamoxin,1.809,0.204,6.199,26.264,144.3,4.6,27.0,Low,ok,1891
Indenolol,1.994,0.204,3.458,46.595,247.3,5.3,27.0,Low,ok,1892
Picric acid,1.117,0.2,-0.269,68.18,229.1,6.7,26.9,Low,ok,1893
Lipoic acid,2.785,0.197,-0.603,70.92,206.3,6.6,26.9,Low,ok,1894
Fosdenopterin,-2.52,0.193,-0.068,59.492,363.2,6.4,26.7,Low,ok,1895
Mycophenolic acid,2.733,0.18,-1.971,91.456,320.3,6.0,26.4,Low,ok,1896
Arformoterol,2.223,0.176,-0.028,47.837,344.4,5.9,26.3,Low,ok,1897
Menadiol diphosphate,2.091,0.174,-0.812,75.809,334.2,5.8,26.2,Low,ok,1898
Besifloxacin,3.145,0.169,0.283,82.483,393.8,5.6,26.1,Low,ok,1899
Oxyphenonium,3.484,0.165,16.376,19.249,348.5,3.3,26.0,Low,ok,1900
Gimeracil,0.734,0.164,0.953,46.404,145.5,5.5,26.0,Low,ok,1901
Amisometradine,-0.295,0.158,-3.93,31.118,195.2,5.3,25.8,Low,ok,1902
Oxprenolol,1.989,0.157,1.274,44.341,265.4,5.0,25.8,Low,ok,1903
Nitrofurantoin,0.073,0.154,-4.445,71.531,238.2,5.1,25.7,Low,ok,1904
Sulfathiazole,1.526,0.153,0.728,83.757,255.3,5.1,25.7,Low,ok,1905
Ifosfamide,1.884,0.149,0.112,22.307,261.1,5.0,25.6,Low,ok,1906
Depreotide,-1.355,0.144,1.703,63.118,1357.7,4.4,25.4,Low,domain-edge (prediction unreliable),1907
Alogliptin,0.394,0.136,-4.477,42.786,339.4,4.5,25.2,Low,ok,1908
Bumetanide,3.037,0.137,-1.341,95.484,364.4,4.6,25.2,Low,ok,1909
Zolmitriptan,1.923,0.137,4.831,43.242,287.4,3.3,25.2,Low,ok,1910
Dinoprost,3.043,0.132,-2.385,57.866,354.5,4.4,25.1,Low,ok,1911
Somatostatin,-4.914,0.131,-8.227,80.213,1637.9,4.4,25.1,Low,domain-edge (prediction unreliable),1912
Ammonia N-13,0.162,0.128,2.075,11.315,16.0,3.7,25.0,Low,domain-edge (prediction unreliable),1913
Vildagliptin,1.174,0.125,-1.84,24.115,303.4,4.2,24.9,Low,ok,1914
Potassium,-0.649,0.123,2.445,14.976,40.1,3.5,24.9,Low,domain-edge (prediction unreliable),1915
Clorazepic acid,2.583,0.12,-2.655,96.207,314.7,4.0,24.8,Low,ok,1916
Trospium,3.77,0.115,2.202,45.441,392.5,3.3,24.7,Low,ok,1917
Pomalidomide,-0.33,0.111,-3.863,57.878,273.2,3.7,24.6,Low,ok,1918
Pindolol,1.906,0.111,12.72,50.778,248.3,2.2,24.6,Low,ok,1919
Diroximel fumarate,-0.592,0.111,-5.449,56.458,255.2,3.7,24.6,Low,ok,1920
Acoramidis,2.875,0.109,-0.878,86.822,292.3,3.6,24.5,Low,ok,1921
Cladribine,-0.297,0.106,7.032,47.42,285.7,2.3,24.4,Low,ok,1922
Tedizolid phosphate,1.513,0.105,0.814,76.616,450.3,3.5,24.4,Low,ok,1923
Edotreotide gallium Ga-68,-7.852,0.104,-4.448,84.072,1418.6,3.5,24.4,Low,domain-edge (prediction unreliable),1924
Magnesium salicylate,-0.869,0.099,-1.975,96.222,137.1,3.3,24.3,Low,ok,1925
Safrazine,1.2,0.1,3.14,41.519,208.3,2.7,24.3,Low,ok,1926
Busulfan,-0.281,0.1,-3.895,29.076,246.3,3.3,24.3,Low,ok,1927
Aminometradine,-0.202,0.095,-3.327,26.163,195.2,3.2,24.1,Low,ok,1928
Tetrofosmin,4.096,0.092,14.782,-5.418,382.5,1.8,24.1,Low,ok,1929
Memantine,2.694,0.086,1.774,25.045,179.3,2.6,23.9,Low,ok,1930
Phentermine,1.966,0.083,-1.49,25.287,149.2,2.8,23.9,Low,ok,1931
Famotidine,-0.768,0.085,0.752,44.166,337.5,2.8,23.9,Low,ok,1932
Mephentermine,2.227,0.085,0.477,24.753,163.3,2.8,23.9,Low,ok,1933
Calcium glycerophosphate,-3.196,0.076,1.481,51.656,170.1,2.4,23.7,Low,ok,1934
Adenine,-0.065,0.064,-0.453,38.447,135.1,2.1,23.4,Low,ok,1935
Caroxazone,0.486,0.065,-4.47,49.696,206.2,2.2,23.4,Low,ok,1936
Tinidazole,0.534,0.063,-3.833,36.082,247.3,2.1,23.4,Low,ok,1937
Desvenlafaxine,2.733,0.064,2.137,20.576,263.4,1.8,23.4,Low,ok,1938
Calcium carbimide,-0.082,0.066,-1.832,50.992,40.0,2.2,23.4,Low,domain-edge (prediction unreliable),1939
Hydromorphone,1.63,0.065,-0.546,44.378,285.3,2.2,23.4,Low,ok,1940
Propylhexedrine,2.565,0.057,4.097,26.525,155.3,1.4,23.2,Low,ok,1941
Bezafibrate,3.555,0.056,-0.595,92.909,361.8,1.9,23.2,Low,ok,1942
Bacitracin,-1.678,0.055,-8.233,71.848,1422.7,1.8,23.1,Low,domain-edge (prediction unreliable),1943
Ferric glycerophosphate,-4.855,0.054,-0.539,53.504,198.1,1.8,23.1,Low,ok,1944
Isosorbide mononitrate,-1.278,0.052,-0.902,30.558,191.1,1.7,23.1,Low,ok,1945
Cyclophosphamide,1.884,0.05,0.022,20.678,261.1,1.7,23.0,Low,ok,1946
Chlormerodrin Hg-197,-3.361,0.045,2.37,29.11,328.1,1.3,22.9,Low,ok,1947
Spirapril,2.391,0.044,-2.121,89.369,466.6,1.5,22.9,Low,ok,1948
Zinc chloride,-5.994,0.044,6.964,35.086,35.5,1.0,22.9,Low,domain-edge (prediction unreliable),1949
Pholcodine,1.203,0.047,5.984,25.373,398.5,1.1,22.9,Low,ok,1950
Topotecan,1.847,0.041,1.112,54.056,421.5,1.4,22.8,Low,ok,1951
Ramipril,2.383,0.039,-2.579,80.803,416.5,1.3,22.8,Low,ok,1952
Flumequine,2.346,0.038,-0.967,83.945,261.3,1.3,22.7,Low,ok,1953
Pentoxifylline,0.193,0.038,-2.177,25.166,278.3,1.3,22.7,Low,ok,1954
Bronopol,-0.661,0.035,-0.646,26.329,200.0,1.2,22.6,Low,ok,1955
Phenylbutyric acid,2.094,0.03,-2.819,70.159,164.2,1.0,22.5,Low,ok,1956
Eravacycline,0.294,0.029,4.497,61.543,558.6,0.7,22.5,Low,ok,1957
Theophylline,-1.04,0.028,-1.962,31.129,180.2,0.9,22.5,Low,ok,1958
Glymidine,1.303,0.027,0.428,83.13,309.3,0.9,22.5,Low,ok,1959
Propyl alcohol,0.389,0.024,2.878,15.826,60.1,0.6,22.4,Low,domain-edge (prediction unreliable),1960
Tolmetin,2.192,0.025,-2.522,87.961,257.3,0.8,22.4,Low,ok,1961
Fenproporex,2.121,0.026,-0.77,33.363,188.3,0.9,22.4,Low,ok,1962
Phenmetrazine,1.736,0.019,0.506,28.993,177.2,0.6,22.3,Low,ok,1963
Viloxazine,1.452,0.022,0.699,39.905,237.3,0.7,22.3,Low,ok,1964
Almotriptan,2.198,0.022,4.13,35.401,335.5,0.5,22.3,Low,ok,1965
Tridihexethyl,4.721,0.019,25.585,10.672,318.5,0.4,22.3,Low,ok,1966
Cloxacillin,2.549,0.018,-1.358,90.069,435.9,0.6,22.2,Low,ok,1967
Flucloxacillin,2.688,0.018,-1.57,87.843,453.9,0.6,22.2,Low,ok,1968
Terizidone,-0.616,0.014,-3.013,67.534,302.3,0.5,22.2,Low,ok,1969
Samidorphan,1.253,0.011,1.133,35.427,370.4,0.3,22.1,Low,ok,1970
Pentetrazol,0.399,0.012,-4.32,30.492,138.2,0.4,22.1,Low,ok,1971
Quinapril,2.567,0.014,-3.394,88.108,438.5,0.5,22.1,Low,ok,1972
Phenoxypropazine,0.917,0.005,1.177,32.965,166.2,0.2,21.9,Low,ok,1973
Rosuvastatin,2.402,0.002,-3.566,82.272,481.5,0.1,21.9,Low,ok,1974
Alatrofloxacin,0.904,0.0,-2.94,73.612,558.5,0.0,21.8,Low,ok,1975
Rizatriptan,1.912,-0.004,6.871,35.052,269.4,0.0,21.7,Low,ok,1976
Lesinurad,4.237,-0.003,-2.915,93.339,404.3,0.0,21.7,Low,ok,1977
Nafcillin,2.484,-0.01,-2.201,88.597,414.5,0.0,21.6,Low,ok,1978
Dexamethasone metasulfobenzoate,3.007,-0.01,0.214,94.961,576.6,0.0,21.6,Low,ok,1979
Lomifylline,0.193,-0.014,-1.588,27.055,278.3,0.0,21.5,Low,ok,1980
Iocetamic acid,3.156,-0.018,5.958,87.191,614.0,0.0,21.4,Low,domain-edge (prediction unreliable),1981
Flavin adenine dinucleotide,-2.424,-0.017,0.2,73.858,785.6,0.0,21.4,Low,domain-edge (prediction unreliable),1982
Diethylcarbamazine,0.696,-0.016,0.557,4.602,199.3,0.0,21.4,Low,ok,1983
Candicidin,3.612,-0.024,-3.854,73.357,1109.3,0.0,21.3,Low,domain-edge (prediction unreliable),1984
Cangrelor,2.851,-0.024,2.29,84.805,776.4,0.0,21.3,Low,domain-edge (prediction unreliable),1985
Acrivastine,4.015,-0.023,-1.861,84.553,348.4,0.0,21.3,Low,ok,1986
Benazepril,2.573,-0.025,-3.425,92.0,424.5,0.0,21.2,Low,ok,1987
Valsartan,4.162,-0.028,-3.561,98.229,435.5,0.0,21.2,Low,ok,1988
Rezafungin,3.739,-0.03,1.269,71.319,1226.4,0.0,21.1,Low,domain-edge (prediction unreliable),1989
Dorzolamide,0.612,-0.03,1.211,61.824,324.4,0.0,21.1,Low,ok,1990
Etafedrine,2.06,-0.029,4.699,14.339,193.3,0.0,21.1,Low,ok,1991
Cevimeline,1.56,-0.037,1.929,15.254,199.3,0.0,20.9,Low,ok,1992
Propylthiouracil,1.385,-0.039,-3.697,50.298,170.2,0.0,20.9,Low,ok,1993
Technetium Tc-99m mebrofenin,1.782,-0.044,-2.924,96.302,387.2,0.0,20.8,Low,ok,1994
Dextroamphetamine,1.576,-0.046,-1.372,27.415,135.2,0.0,20.7,Low,ok,1995
Sulfamethoxazole,1.366,-0.056,0.296,81.345,253.3,0.0,20.5,Low,ok,1996
Carboplatin,0.493,-0.058,-4.169,66.958,371.3,0.0,20.5,Low,ok,1997
Pravastatin,2.44,-0.059,-1.696,64.026,424.5,0.0,20.5,Low,ok,1998
Silver nitrate,-0.242,-0.058,1.763,52.704,62.0,0.0,20.5,Low,domain-edge (prediction unreliable),1999
Temafloxacin,2.904,-0.058,-0.704,78.072,417.4,0.0,20.5,Low,ok,2000
Hyoscyamine,1.931,-0.063,0.57,37.259,289.4,0.0,20.4,Low,ok,2001
Methimazole,1.083,-0.066,-0.495,22.586,114.2,0.0,20.3,Low,ok,2002
Urethane,0.102,-0.068,-2.39,15.933,89.1,0.0,20.3,Low,domain-edge (prediction unreliable),2003
Dalfampridine,0.664,-0.065,1.654,18.963,94.1,0.0,20.3,Low,domain-edge (prediction unreliable),2004
Sodium sulfide,-5.994,-0.066,7.509,39.556,23.0,0.0,20.3,Low,domain-edge (prediction unreliable),2005
Benzoylpas,2.343,-0.066,-1.461,88.093,257.2,0.0,20.3,Low,ok,2006
Esmolol,1.53,-0.071,0.29,46.929,295.4,0.0,20.2,Low,ok,2007
Proguanil,2.209,-0.072,4.815,57.08,253.7,0.0,20.2,Low,ok,2008
Pheniprazine,1.081,-0.071,0.051,23.716,150.2,0.0,20.2,Low,ok,2009
Bendazac,2.548,-0.074,-4.06,95.318,282.3,0.0,20.1,Low,ok,2010
Deferiprone,0.399,-0.074,-2.407,32.272,139.2,0.0,20.1,Low,ok,2011
Sulfamethazine,1.476,-0.077,1.364,78.438,278.3,0.0,20.0,Low,ok,2012
Arbutin,-1.429,-0.081,3.046,41.552,272.3,0.0,20.0,Low,ok,2013
Loxoprofen,2.786,-0.084,-5.569,66.674,246.3,0.0,19.9,Low,ok,2014
Copanlisib,0.662,-0.089,4.548,58.171,480.5,0.0,19.8,Low,ok,2015
Ferric pyrophosphate,-10.029,-0.092,-24.929,121.819,173.9,0.0,19.7,Low,ok,2016
Sumatriptan,1.321,-0.098,4.44,37.617,295.4,0.0,19.6,Low,ok,2017
OCTODRINE,2.16,-0.095,6.065,23.062,129.2,0.0,19.6,Low,ok,2018
Pyrithione,0.609,-0.096,0.65,19.939,127.2,0.0,19.6,Low,ok,2019
Mebanazine,1.211,-0.1,-0.462,22.424,136.2,0.0,19.5,Low,ok,2020
Lithium cation,-2.996,-0.101,4.593,15.806,6.9,0.0,19.5,Low,domain-edge (prediction unreliable),2021
Ketorolac,2.291,-0.104,-2.575,86.035,255.3,0.0,19.4,Low,ok,2022
Riboflavin,-1.724,-0.105,-0.868,71.524,376.4,0.0,19.4,Low,ok,2023
Fostemsavir,1.168,-0.105,1.071,64.772,583.5,0.0,19.4,Low,ok,2024
alpha-Arbutin,-1.429,-0.108,3.513,42.504,272.3,0.0,19.4,Low,ok,2025
Doxycycline,-0.348,-0.104,1.641,59.036,444.4,0.0,19.4,Low,ok,2026
Lypressin,-4.329,-0.112,-5.171,56.153,1056.2,0.0,19.3,Low,domain-edge (prediction unreliable),2027
Proxibarbal,-0.314,-0.113,-2.212,31.291,226.2,0.0,19.3,Low,ok,2028
Roxadustat,2.856,-0.115,-4.395,98.285,352.3,0.0,19.2,Low,ok,2029
Levmetamfetamine,1.837,-0.117,0.455,25.537,149.2,0.0,19.2,Low,ok,2030
Guanabenz,1.81,-0.117,4.232,55.529,231.1,0.0,19.2,Low,ok,2031
Probenecid,2.196,-0.122,-3.524,75.715,285.4,0.0,19.1,Low,ok,2032
Piretanide,2.425,-0.12,-3.158,91.726,362.4,0.0,19.1,Low,ok,2033
Indoprofen,3.035,-0.119,-5.46,77.285,281.3,0.0,19.1,Low,ok,2034
Chlorhexidine,4.175,-0.123,3.705,63.764,505.5,0.0,19.0,Low,ok,2035
Sulfanilamide,-0.084,-0.127,-0.607,40.052,172.2,0.0,19.0,Low,ok,2036
Atropine,1.931,-0.125,0.765,36.08,289.4,0.0,19.0,Low,ok,2037
Pilocarpine,1.162,-0.129,-0.814,21.188,208.3,0.0,18.9,Low,ok,2038
Hydrocortisone succinate,2.197,-0.128,-4.803,77.553,462.5,0.0,18.9,Low,ok,2039
Tolazamide,1.774,-0.13,-2.185,84.172,311.4,0.0,18.9,Low,ok,2040
Oxymorphone,0.745,-0.138,-0.597,38.765,301.3,0.0,18.7,Low,ok,2041
Moxonidine,0.818,-0.14,-1.576,35.848,241.7,0.0,18.7,Low,ok,2042
Technetium Tc-99m sestamibi,7.982,-0.138,9.402,-6.374,113.2,0.0,18.7,Low,ok,2043
Triflusal,2.329,-0.141,-1.065,83.381,248.2,0.0,18.7,Low,ok,2044
Paramethadione,0.764,-0.145,-2.598,33.566,157.2,0.0,18.6,Low,ok,2045
Sulfoxone,1.702,-0.143,2.776,80.298,404.5,0.0,18.6,Low,ok,2046
Esculin,-1.323,-0.15,4.672,62.389,340.3,0.0,18.5,Low,ok,2047
Nedaplatin,-0.204,-0.148,-5.19,44.526,303.2,0.0,18.5,Low,ok,2048
Guanadrel,0.336,-0.148,0.211,21.919,213.3,0.0,18.5,Low,ok,2049
Metacycline,-0.438,-0.157,1.313,61.511,442.4,0.0,18.3,Low,ok,2050
Rosoxacin,2.782,-0.16,-1.016,87.195,294.3,0.0,18.3,Low,ok,2051
Silicon dioxide,-0.618,-0.163,-4.287,58.652,60.1,0.0,18.2,Low,domain-edge (prediction unreliable),2052
Amantadine,1.914,-0.164,0.297,22.518,151.3,0.0,18.2,Low,ok,2053
Butylscopolamine,2.233,-0.164,4.671,30.026,360.5,0.0,18.2,Low,ok,2054
Oxamniquine,1.812,-0.162,7.701,30.873,279.3,0.0,18.2,Low,ok,2055
Brivudine,-0.457,-0.166,2.682,44.271,333.1,0.0,18.1,Low,ok,2056
Tiotropium,2.346,-0.166,2.787,48.635,392.5,0.0,18.1,Low,ok,2057
Acebutolol,2.366,-0.167,5.893,44.862,336.4,0.0,18.1,Low,ok,2058
Mepenzolate,2.705,-0.176,1.148,32.294,340.4,0.0,17.9,Low,ok,2059
Oxaliplatin,-0.786,-0.178,-0.894,77.408,397.3,0.0,17.9,Low,ok,2060
Caffeine,-1.029,-0.178,-2.064,21.092,194.2,0.0,17.9,Low,ok,2061
Amphetamine,1.576,-0.176,-1.262,23.266,135.2,0.0,17.9,Low,ok,2062
Flavin mononucleotide,-1.607,-0.195,1.076,69.381,456.3,0.0,17.6,Low,ok,2063
Moexipril,2.584,-0.191,-3.553,86.54,498.6,0.0,17.6,Low,ok,2064
Acetohexamide,2.21,-0.199,-2.675,86.72,324.4,0.0,17.5,Low,ok,2065
Ranitidine,1.459,-0.201,1.42,37.943,314.4,0.0,17.4,Low,ok,2066
Sulfameter,0.868,-0.203,0.183,81.742,280.3,0.0,17.4,Low,ok,2067
Hydrogen peroxide,0.017,-0.205,1.419,12.23,34.0,0.0,17.3,Low,domain-edge (prediction unreliable),2068
Chlorothiazide,0.13,-0.206,0.389,73.837,295.7,0.0,17.3,Low,ok,2069
Molsidomine,0.092,-0.209,-0.811,46.238,242.2,0.0,17.3,Low,ok,2070
Bempedoic acid,4.47,-0.206,-3.353,68.131,344.5,0.0,17.3,Low,ok,2071
Cilazapril,1.596,-0.209,-3.109,71.721,417.5,0.0,17.3,Low,ok,2072
Rolitetracycline,0.47,-0.214,3.278,52.866,527.6,0.0,17.2,Low,ok,2073
Morphine,1.198,-0.219,0.729,28.568,285.3,0.0,17.1,Low,ok,2074
Technetium Tc-99m etidronate,-0.995,-0.222,-0.543,66.657,206.0,0.0,17.0,Low,ok,2075
Tolazoline,1.231,-0.222,-3.315,28.469,160.2,0.0,17.0,Low,ok,2076
NADH,-2.686,-0.228,0.276,44.767,665.4,0.0,16.9,Low,domain-edge (prediction unreliable),2077
Sulthiame,0.264,-0.228,-3.576,53.224,290.4,0.0,16.9,Low,ok,2078
Nicotine,1.848,-0.234,1.069,12.481,162.2,0.0,16.8,Low,ok,2079
Antipyrine,1.484,-0.232,-2.663,32.246,188.2,0.0,16.8,Low,ok,2080
Procaterol,2.044,-0.238,3.907,36.834,290.4,0.0,16.7,Low,ok,2081
Dopexamine,3.623,-0.239,4.208,46.667,356.5,0.0,16.7,Low,ok,2082
Alvimopan,3.051,-0.239,-1.995,83.554,424.5,0.0,16.7,Low,ok,2083
Sarecycline,0.114,-0.245,4.095,52.92,487.5,0.0,16.6,Low,ok,2084
Tetracycline,-0.214,-0.243,0.723,54.948,444.4,0.0,16.6,Low,ok,2085
Lenalidomide,0.03,-0.244,-3.509,42.458,259.3,0.0,16.6,Low,ok,2086
Lithium hydroxide,-3.173,-0.242,4.996,16.559,6.9,0.0,16.6,Low,domain-edge (prediction unreliable),2087
Secnidazole,0.481,-0.251,-1.752,29.654,185.2,0.0,16.5,Low,ok,2088
Sapropterin,-1.7,-0.254,3.61,42.803,241.3,0.0,16.4,Low,ok,2089
Favipiravir,-0.58,-0.254,-2.835,43.785,157.1,0.0,16.4,Low,ok,2090
Sulfametopyrazine,0.868,-0.252,0.054,76.164,280.3,0.0,16.4,Low,ok,2091
Emtricitabine,-0.455,-0.257,-1.457,29.101,247.3,0.0,16.3,Low,ok,2092
Triptorelin,-2.085,-0.267,2.721,58.879,1311.5,0.0,16.1,Low,domain-edge (prediction unreliable),2093
Iproniazid,0.724,-0.269,0.742,22.277,179.2,0.0,16.1,Low,ok,2094
Fludarabine,-1.841,-0.282,3.286,34.843,285.2,0.0,15.9,Low,ok,2095
Bisoprolol,2.366,-0.281,6.62,30.151,325.4,0.0,15.9,Low,ok,2096
Setmelanotide,-3.175,-0.279,1.019,40.98,1117.3,0.0,15.9,Low,domain-edge (prediction unreliable),2097
Calcium phosphate dihydrate,-4.223,-0.288,1.63,56.877,96.0,0.0,15.8,Low,domain-edge (prediction unreliable),2098
Diacerein,2.011,-0.283,-2.922,95.651,368.3,0.0,15.8,Low,ok,2099
Furosemide,1.891,-0.283,0.226,86.609,330.7,0.0,15.8,Low,ok,2100
Silver citrate,-5.26,-0.288,3.606,92.322,189.1,0.0,15.8,Low,ok,2101
Pipecuronium,3.634,-0.289,3.859,18.786,602.9,0.0,15.7,Low,domain-edge (prediction unreliable),2102
Pantethine,-1.628,-0.289,2.688,29.293,554.7,0.0,15.7,Low,ok,2103
Varenicline,1.804,-0.293,2.597,28.266,211.3,0.0,15.7,Low,ok,2104
Nizatidine,1.322,-0.296,0.562,39.253,331.5,0.0,15.6,Low,ok,2105
Isometheptene,2.341,-0.297,4.413,21.479,141.3,0.0,15.6,Low,ok,2106
Metronidazole,0.092,-0.296,-2.114,30.63,171.2,0.0,15.6,Low,ok,2107
Cyclopentamine,2.175,-0.301,3.558,17.819,141.3,0.0,15.5,Low,ok,2108
Racephedrine,1.328,-0.303,0.646,22.1,165.2,0.0,15.5,Low,ok,2109
Linzagolix,3.452,-0.301,-6.202,96.277,508.4,0.0,15.5,Low,ok,2110
Oxytetracycline,-1.244,-0.3,0.931,52.335,460.4,0.0,15.5,Low,ok,2111
Frovatriptan,1.344,-0.304,5.004,46.187,243.3,0.0,15.4,Low,ok,2112
Bismuth subgallate,-0.161,-0.31,-1.22,90.244,394.1,0.0,15.4,Low,ok,2113
Chloral hydrate,0.667,-0.32,2.819,29.608,165.4,0.0,15.2,Low,ok,2114
Ethanol,-0.001,-0.323,2.237,10.945,46.1,0.0,15.1,Low,domain-edge (prediction unreliable),2115
Oxacillin,1.895,-0.33,-2.293,85.104,401.4,0.0,15.0,Low,ok,2116
Sparteine,2.345,-0.327,3.47,18.902,234.4,0.0,15.0,Low,ok,2117
Ambenonium,4.639,-0.338,35.805,3.584,537.6,0.0,14.9,Low,ok,2118
Timolol,0.502,-0.333,0.744,31.318,316.4,0.0,14.9,Low,ok,2119
DL-Methylephedrine,1.67,-0.337,1.105,13.444,179.3,0.0,14.9,Low,ok,2120
Isopropamide,4.112,-0.337,9.644,21.43,353.5,0.0,14.9,Low,ok,2121
Tetrachlorodecaoxide,-10.27,-0.335,1.043,38.198,67.5,0.0,14.9,Low,domain-edge (prediction unreliable),2122
Mecamylamine,2.421,-0.346,1.295,15.275,167.3,0.0,14.7,Low,ok,2123
Dimethyl sulfoxide,-0.005,-0.358,-0.838,5.185,78.1,0.0,14.5,Low,domain-edge (prediction unreliable),2124
Terbutaline,1.519,-0.357,2.161,23.368,225.3,0.0,14.5,Low,ok,2125
Carteolol,1.699,-0.358,3.322,39.92,292.4,0.0,14.5,Low,ok,2126
Treosulfan,-2.339,-0.365,-3.59,28.8,278.3,0.0,14.4,Low,ok,2127
Methoxyphenamine,1.846,-0.364,0.083,20.472,179.3,0.0,14.4,Low,ok,2128
Nitroprusside,0.298,-0.369,-6.031,80.544,215.9,0.0,14.3,Low,ok,2129
Tigecycline,0.513,-0.374,7.173,54.07,585.7,0.0,14.2,Low,ok,2130
Isopropyl alcohol,0.387,-0.376,2.818,8.381,60.1,0.0,14.2,Low,domain-edge (prediction unreliable),2131
Cycloguanil,1.526,-0.378,2.87,40.776,251.7,0.0,14.2,Low,ok,2132
Perindopril,1.941,-0.384,-2.899,66.397,368.5,0.0,14.1,Low,ok,2133
Cefditoren,1.293,-0.388,-0.746,86.992,506.6,0.0,14.0,Low,ok,2134
Metamfetamine,1.837,-0.393,0.078,18.488,149.2,0.0,13.9,Low,ok,2135
Mitoxantrone,-0.139,-0.399,23.777,60.84,444.5,0.0,13.8,Low,ok,2136
Procainamide,1.34,-0.4,13.522,14.39,235.3,0.0,13.8,Low,ok,2137
Sulfamerazine,1.168,-0.401,1.399,74.458,264.3,0.0,13.8,Low,ok,2138
Bretylium,3.045,-0.414,9.25,15.322,243.2,0.0,13.6,Low,ok,2139
Pyrazinamide,-0.425,-0.419,-3.644,20.953,123.1,0.0,13.5,Low,ok,2140
Tirofiban,2.95,-0.419,-1.762,65.66,440.6,0.0,13.5,Low,ok,2141
Anisotropine methylbromide,0.52,-0.42,4.355,27.156,282.4,0.0,13.5,Low,ok,2142
Trimethadione,0.374,-0.418,-3.087,32.109,143.1,0.0,13.5,Low,ok,2143
Levetiracetam,-0.127,-0.42,-3.452,15.546,170.2,0.0,13.5,Low,ok,2144
Bethanidine,0.981,-0.425,-0.118,32.007,177.3,0.0,13.4,Low,ok,2145
Sulfabenzamide,1.388,-0.421,-3.203,85.638,276.3,0.0,13.4,Low,ok,2146
Pyridoxine,0.08,-0.427,0.794,27.113,169.2,0.0,13.3,Low,ok,2147
Kojic acid,-0.162,-0.431,-1.728,32.792,142.1,0.0,13.3,Low,ok,2148
Tegafur,-0.015,-0.429,-2.696,29.512,200.2,0.0,13.3,Low,ok,2149
Arimoclomol,1.084,-0.438,3.809,22.34,313.8,0.0,13.2,Low,ok,2150
Vadadustat,1.922,-0.436,-1.256,93.678,306.7,0.0,13.2,Low,ok,2151
Nicotinamide,0.181,-0.435,-3.267,16.682,122.1,0.0,13.2,Low,ok,2152
Metoprolol,1.613,-0.441,2.317,29.201,267.4,0.0,13.1,Low,ok,2153
Olmesartan,3.657,-0.442,-3.366,95.378,446.5,0.0,13.1,Low,ok,2154
Methoxamine,1.084,-0.448,-1.024,25.768,211.3,0.0,13.0,Low,ok,2155
Levofloxacin,1.544,-0.454,-0.88,66.216,361.4,0.0,12.9,Low,ok,2156
Metyrosine,0.737,-0.46,-2.382,42.019,195.2,0.0,12.8,Low,ok,2157
Adenosine phosphate,-1.863,-0.463,4.554,41.833,347.2,0.0,12.8,Low,ok,2158
Methylhexaneamine,1.77,-0.466,4.837,10.521,115.2,0.0,12.7,Low,ok,2159
Flucytosine,-0.509,-0.471,-2.526,32.152,129.1,0.0,12.7,Low,ok,2160
Phenylpropanolamine,1.067,-0.466,-0.407,19.462,151.2,0.0,12.7,Low,ok,2161
Entecavir,-0.828,-0.471,3.532,52.729,277.3,0.0,12.7,Low,ok,2162
Methazolamide,-1.424,-0.482,-3.01,50.786,236.3,0.0,12.5,Low,ok,2163
Phenelzine,0.692,-0.481,-0.771,20.83,136.2,0.0,12.5,Low,ok,2164
Albuterol,1.306,-0.49,1.862,19.313,239.3,0.0,12.4,Low,ok,2165
Baclofen,1.857,-0.487,-0.324,56.639,213.7,0.0,12.4,Low,ok,2166
Miglustat,-1.454,-0.488,2.937,12.52,219.3,0.0,12.4,Low,ok,2167
Sevelamer,0.755,-0.486,2.015,12.269,92.5,0.0,12.4,Low,domain-edge (prediction unreliable),2168
Dacarbazine,0.069,-0.492,-0.208,27.237,182.2,0.0,12.3,Low,ok,2169
Echothiophate,2.607,-0.493,3.223,-5.056,256.3,0.0,12.3,Low,ok,2170
Sulfadoxine,0.877,-0.493,-0.196,75.981,310.3,0.0,12.3,Low,ok,2171
Enalapril,1.605,-0.503,-3.202,70.086,376.5,0.0,12.2,Low,ok,2172
Potassium Iodide,-5.992,-0.511,6.339,19.641,126.9,0.0,12.1,Low,ok,2173
Trifluridine,-0.804,-0.516,1.544,36.769,296.2,0.0,12.0,Low,ok,2174
Sodium iodide,-5.992,-0.52,6.204,22.994,126.9,0.0,11.9,Low,ok,2175
Nelarabine,-1.971,-0.532,3.592,35.217,297.3,0.0,11.8,Low,ok,2176
Nadolol,0.635,-0.529,1.998,25.45,309.4,0.0,11.8,Low,ok,2177
Sarafloxacin,2.377,-0.535,-1.578,76.378,385.4,0.0,11.7,Low,ok,2178
Ofloxacin,1.544,-0.537,-0.687,65.254,361.4,0.0,11.7,Low,ok,2179
Propiolactone,-0.067,-0.538,-1.131,22.882,72.1,0.0,11.7,Low,domain-edge (prediction unreliable),2180
Eprosartan,4.744,-0.545,-4.613,98.262,424.5,0.0,11.6,Low,ok,2181
Benzoic acid,1.385,-0.546,-2.897,63.497,122.1,0.0,11.6,Low,ok,2182
Pseudoephedrine,1.328,-0.549,0.316,16.591,165.2,0.0,11.5,Low,ok,2183
Metaraminol,0.773,-0.547,-0.55,20.117,167.2,0.0,11.5,Low,ok,2184
Lisdexamfetamine,1.19,-0.554,-0.171,19.596,263.4,0.0,11.4,Low,ok,2185
Cocarboxylase,0.21,-0.557,3.053,54.231,424.3,0.0,11.4,Low,ok,2186
Vidarabine,-1.98,-0.564,4.314,30.673,267.2,0.0,11.3,Low,ok,2187
Levosalbutamol,1.306,-0.564,1.187,17.723,239.3,0.0,11.3,Low,ok,2188
Carboprost tromethamine,1.094,-0.563,1.637,40.027,368.5,0.0,11.3,Low,ok,2189
Procaine merethoxylline,0.926,-0.561,13.525,67.391,309.3,0.0,11.3,Low,ok,2190
Amisulpride,1.285,-0.57,2.794,33.608,369.5,0.0,11.2,Low,ok,2191
Amifampridine,0.246,-0.571,-0.097,16.091,109.1,0.0,11.2,Low,ok,2192
Sultopride,1.703,-0.575,1.344,27.973,354.5,0.0,11.2,Low,ok,2193
Noxytiolin,-0.97,-0.578,-2.08,16.547,120.2,0.0,11.1,Low,ok,2194
Pyridoxal phosphate,0.517,-0.578,2.499,47.625,247.1,0.0,11.1,Low,ok,2195
Cimetidine,0.597,-0.597,2.322,31.767,252.3,0.0,10.9,Low,ok,2196
Etilefrine,1.035,-0.591,2.225,17.095,181.2,0.0,10.9,Low,ok,2197
Lifitegrast,4.767,-0.595,-6.998,91.725,615.5,0.0,10.9,Low,domain-edge (prediction unreliable),2198
Sodium fluoride,-5.992,-0.597,5.741,14.397,19.0,0.0,10.8,Low,domain-edge (prediction unreliable),2199
Methyldopa,0.442,-0.603,-1.265,43.118,211.2,0.0,10.8,Low,ok,2200
Ouabain,-1.515,-0.611,1.09,25.194,584.7,0.0,10.7,Low,ok,2201
Sulpiride,0.557,-0.612,1.266,27.314,341.4,0.0,10.7,Low,ok,2202
Phenoxymethylpenicillin,0.697,-0.609,-2.557,74.274,350.4,0.0,10.7,Low,ok,2203
Barium sulfate,-1.719,-0.606,1.993,65.112,96.1,0.0,10.7,Low,domain-edge (prediction unreliable),2204
Hydroxyamphetamine,1.282,-0.609,-0.543,16.855,151.2,0.0,10.7,Low,ok,2205
Cefpirome,-1.044,-0.607,4.127,71.0,514.6,0.0,10.7,Low,ok,2206
Benserazide,-1.756,-0.608,-0.087,40.179,257.2,0.0,10.7,Low,ok,2207
Adenosine,-1.98,-0.612,3.982,29.483,267.2,0.0,10.7,Low,ok,2208
Exametazime,1.669,-0.614,-2.759,29.067,272.4,0.0,10.6,Low,ok,2209
Hexamidine,3.273,-0.617,3.059,48.418,354.5,0.0,10.6,Low,ok,2210
Serdexmethylphenidate,-0.28,-0.624,1.326,66.923,499.5,0.0,10.5,Low,ok,2211
Lamivudine,-0.594,-0.624,-0.944,26.019,229.3,0.0,10.5,Low,ok,2212
Cycloserine,-1.625,-0.621,-2.229,19.538,102.1,0.0,10.5,Low,ok,2213
Procaine benzylpenicillin,2.628,-0.621,8.031,65.368,334.4,0.0,10.5,Low,ok,2214
Nitrite,0.251,-0.621,-1.503,21.537,46.0,0.0,10.5,Low,domain-edge (prediction unreliable),2215
Brilliant blue G,5.968,-0.624,13.858,81.464,831.0,0.0,10.5,Low,domain-edge (prediction unreliable),2216
Rebamipide,2.607,-0.628,-1.478,89.946,370.8,0.0,10.4,Low,ok,2217
Lutetium Lu 177 dotatate,-7.379,-0.63,-7.462,86.381,1432.6,0.0,10.4,Low,domain-edge (prediction unreliable),2218
Dichloralphenazone,2.819,-0.631,5.014,55.815,188.2,0.0,10.4,Low,ok,2219
Natamycin,0.12,-0.634,0.341,54.465,665.7,0.0,10.4,Low,domain-edge (prediction unreliable),2220
Sulfadiazine,0.86,-0.639,1.267,69.683,250.3,0.0,10.3,Low,ok,2221
Perboric acid,-0.559,-0.64,-1.316,34.979,59.8,0.0,10.3,Low,domain-edge (prediction unreliable),2222
Mangafodipir,-2.475,-0.642,1.85,67.846,636.4,0.0,10.3,Low,domain-edge (prediction unreliable),2223
Taurolidine,-2.671,-0.642,-5.37,20.308,284.4,0.0,10.3,Low,ok,2224
Sepiapterin,-1.2,-0.639,0.681,54.863,237.2,0.0,10.3,Low,ok,2225
Sulfasalazine,3.702,-0.643,-2.211,92.347,398.4,0.0,10.2,Low,ok,2226
Methylnaltrexone,1.67,-0.647,2.725,24.413,356.4,0.0,10.2,Low,ok,2227
Desmopressin,-4.132,-0.656,-5.791,39.852,1069.2,0.0,10.1,Low,domain-edge (prediction unreliable),2228
Carbidopa,-0.053,-0.658,-1.982,40.379,226.2,0.0,10.1,Low,ok,2229
Tryptophan,1.122,-0.655,-1.006,55.659,204.2,0.0,10.1,Low,ok,2230
Allopurinol,0.058,-0.656,2.662,50.325,136.1,0.0,10.1,Low,ok,2231
Acetazolamide,-0.856,-0.653,-0.984,54.39,222.3,0.0,10.1,Low,ok,2232
Pefloxacin,1.611,-0.657,0.253,61.268,333.4,0.0,10.1,Low,ok,2233
Phenformin,0.237,-0.662,-1.967,32.563,205.3,0.0,10.0,Low,ok,2234
Debrisoquine,0.938,-0.659,-3.097,19.908,175.2,0.0,10.0,Low,ok,2235
Ensulizole,2.477,-0.663,1.639,87.096,274.3,0.0,10.0,Low,ok,2236
Nystatin,0.936,-0.662,-1.504,47.048,926.1,0.0,10.0,Low,domain-edge (prediction unreliable),2237
Isoetharine,1.908,-0.673,1.784,21.023,239.3,0.0,9.9,Low,ok,2238
Buformin,-0.625,-0.685,-0.104,10.604,157.2,0.0,9.7,Low,ok,2239
Ephedrine,1.328,-0.684,0.762,14.222,165.2,0.0,9.7,Low,ok,2240
Podophyllin,8.677,-0.694,-13.026,103.636,432.4,0.0,9.6,Low,ok,2241
Foscarbidopa,-0.287,-0.691,-0.378,48.207,306.2,0.0,9.6,Low,ok,2242
Orciprenaline,1.129,-0.693,2.165,19.799,211.3,0.0,9.6,Low,ok,2243
Phenylacetic acid,1.314,-0.691,-3.492,55.137,136.1,0.0,9.6,Low,ok,2244
Xamoterol,-0.237,-0.701,0.54,28.196,339.4,0.0,9.5,Low,ok,2245
Pheneticillin,1.086,-0.702,-1.521,71.914,364.4,0.0,9.5,Low,ok,2246
Regadenoson,-2.435,-0.704,5.662,42.437,390.4,0.0,9.5,Low,ok,2247
Salicylic acid,1.09,-0.712,-1.224,62.336,138.1,0.0,9.4,Low,ok,2248
Grepafloxacin,2.28,-0.71,-0.848,66.199,359.4,0.0,9.4,Low,ok,2249
Fosfomycin,-0.091,-0.712,2.025,31.617,138.1,0.0,9.4,Low,ok,2250
Uridine triacetate,-1.139,-0.718,-5.835,43.321,370.3,0.0,9.3,Low,ok,2251
Aceclidine,0.644,-0.721,-0.585,4.641,169.2,0.0,9.3,Low,ok,2252
Guanoxan,0.309,-0.727,0.422,30.063,207.2,0.0,9.2,Low,ok,2253
Iron polymaltose,-6.087,-0.727,0.589,38.417,342.3,0.0,9.2,Low,ok,2254
Quaternium-15,-2.748,-0.732,3.528,23.155,215.7,0.0,9.2,Low,ok,2255
Potassium cation,-2.996,-0.736,5.923,4.343,39.1,0.0,9.1,Low,domain-edge (prediction unreliable),2256
Dihydralazine,0.201,-0.734,1.484,27.099,190.2,0.0,9.1,Low,ok,2257
Ibandronate,0.5,-0.747,3.09,40.891,319.2,0.0,9.0,Low,ok,2258
Fludeoxyglucose (18F),-2.402,-0.75,-2.045,13.41,181.1,0.0,9.0,Low,ok,2259
Streptozocin,-3.048,-0.746,-4.179,27.365,265.2,0.0,9.0,Low,ok,2260
Leucine,0.444,-0.759,-2.375,28.56,131.2,0.0,8.9,Low,ok,2261
Trimetazidine,1.118,-0.751,-2.783,18.875,266.3,0.0,8.9,Low,ok,2262
Amphotericin B,0.712,-0.755,-1.247,46.641,924.1,0.0,8.9,Low,domain-edge (prediction unreliable),2263
Sparfloxacin,2.082,-0.761,-0.651,62.824,392.4,0.0,8.8,Low,ok,2264
Sulfacytine,0.646,-0.767,1.224,58.734,294.3,0.0,8.8,Low,ok,2265
Vaborbactam,0.449,-0.762,-2.445,58.132,297.1,0.0,8.8,Low,ok,2266
Didanosine,-0.21,-0.764,3.875,39.419,236.2,0.0,8.8,Low,ok,2267
Dexrazoxane,-2.708,-0.766,-7.031,24.324,268.3,0.0,8.8,Low,ok,2268
Midodrine,-0.188,-0.765,-2.55,24.165,254.3,0.0,8.8,Low,ok,2269
Cefradine,0.349,-0.76,-2.215,61.842,349.4,0.0,8.8,Low,ok,2270
Demecarium,6.762,-0.777,10.925,15.631,556.8,0.0,8.7,Low,ok,2271
Isosorbide,-1.494,-0.769,2.537,7.962,146.1,0.0,8.7,Low,ok,2272
Pemirolast,0.183,-0.77,-1.798,77.2,228.2,0.0,8.7,Low,ok,2273
Benzylpenicillin,0.861,-0.786,-3.059,62.889,334.4,0.0,8.6,Low,ok,2274
Sodium camphorsulfonate,-2.069,-0.779,3.713,42.668,231.3,0.0,8.6,Low,ok,2275
Carbon dioxide,-0.584,-0.784,-2.42,41.847,44.0,0.0,8.6,Low,domain-edge (prediction unreliable),2276
Dinoprost tromethamine,0.704,-0.778,2.039,36.948,354.5,0.0,8.6,Low,ok,2277
Phenylalanine,0.641,-0.788,-4.248,43.572,165.2,0.0,8.5,Low,ok,2278
Homatropine,1.888,-0.789,-1.094,24.206,275.3,0.0,8.5,Low,ok,2279
Kappadione,-12.421,-0.8,6.922,64.513,330.1,0.0,8.4,Low,ok,2280
Cedazuridine,-1.566,-0.799,0.568,11.148,268.2,0.0,8.4,Low,ok,2281
Dopamine,0.599,-0.809,-0.782,23.656,153.2,0.0,8.3,Low,ok,2282
Levonordefrin,0.478,-0.82,-0.392,21.812,183.2,0.0,8.2,Low,ok,2283
Oxitriptan,0.828,-0.815,1.148,55.267,220.2,0.0,8.2,Low,ok,2284
Gemifloxacin,0.966,-0.819,-2.1,68.578,389.4,0.0,8.2,Low,ok,2285
Mannitol busulfan,-3.618,-0.815,-3.38,22.638,338.4,0.0,8.2,Low,ok,2286
Daprodustat,1.26,-0.815,-4.279,78.44,393.4,0.0,8.2,Low,ok,2287
Cefaloridine,-0.318,-0.817,2.939,63.486,415.5,0.0,8.2,Low,ok,2288
Pirbuterol,0.701,-0.828,2.15,17.635,240.3,0.0,8.1,Low,ok,2289
Loracarbef,0.711,-0.831,-1.87,60.323,349.8,0.0,8.1,Low,ok,2290
Zidovudine,-0.196,-0.829,-3.525,27.409,267.2,0.0,8.1,Low,ok,2291
Potassium hydroxide,-3.173,-0.836,5.956,5.418,39.1,0.0,8.0,Low,domain-edge (prediction unreliable),2292
Temozolomide,-2.078,-0.836,-4.956,39.916,194.2,0.0,8.0,Low,ok,2293
Sulisobenzone,1.878,-0.852,3.085,87.641,308.3,0.0,7.9,Low,ok,2294
Fluorouracil,-0.798,-0.852,-3.466,30.803,130.1,0.0,7.9,Low,ok,2295
Pentamidine,2.883,-0.844,2.788,43.886,340.4,0.0,7.9,Low,ok,2296
Cupric sulfate,-1.34,-0.855,1.317,58.721,96.1,0.0,7.8,Low,domain-edge (prediction unreliable),2297
"(S)-butane-1,3-diol",-0.25,-0.854,3.545,6.498,90.1,0.0,7.8,Low,domain-edge (prediction unreliable),2298
Allantoin,-2.18,-0.857,-4.03,27.006,158.1,0.0,7.8,Low,ok,2299
Pixantrone,0.598,-0.871,14.282,51.81,325.4,0.0,7.7,Low,ok,2300
Gadodiamide,-7.366,-0.866,-0.737,57.351,416.4,0.0,7.7,Low,ok,2301
Ammonium chloride,-2.62,-0.874,6.597,2.842,35.5,0.0,7.6,Low,domain-edge (prediction unreliable),2302
Sodium hydroxide,-3.173,-0.875,5.701,8.709,23.0,0.0,7.6,Low,domain-edge (prediction unreliable),2303
Finafloxacin,1.222,-0.879,-2.397,67.532,398.4,0.0,7.6,Low,ok,2304
Isoniazid,-0.315,-0.885,-2.232,12.858,137.1,0.0,7.5,Low,ok,2305
Cinoxacin,0.843,-0.888,0.02,84.508,262.2,0.0,7.5,Low,ok,2306
Cilastatin,1.433,-0.886,-2.478,71.014,358.5,0.0,7.5,Low,ok,2307
Sodium fluorophosphate,-7.207,-0.89,3.844,25.598,98.0,0.0,7.5,Low,domain-edge (prediction unreliable),2308
Cefamandole nafate,-0.045,-0.897,-0.629,88.943,490.5,0.0,7.4,Low,ok,2309
Gemcitabine,-1.289,-0.906,-0.465,16.49,263.2,0.0,7.3,Low,ok,2310
Gadoversetamide,-7.333,-0.914,0.016,56.935,504.5,0.0,7.3,Low,ok,2311
Dexpanthenol,-1.136,-0.91,1.405,9.302,205.3,0.0,7.3,Low,ok,2312
Butylene glycol,-0.25,-0.91,3.917,5.244,90.1,0.0,7.3,Low,domain-edge (prediction unreliable),2313
Stavudine,-0.709,-0.923,-2.246,25.429,224.2,0.0,7.2,Low,ok,2314
Sotalol,1.09,-0.92,1.288,21.914,272.4,0.0,7.2,Low,ok,2315
Gadofosveset trisodium,-14.547,-0.921,4.384,85.236,731.6,0.0,7.2,Low,domain-edge (prediction unreliable),2316
Penciclovir,-1.307,-0.918,5.229,46.885,253.3,0.0,7.2,Low,ok,2317
Magnesium trisilicate,-7.034,-0.936,-1.313,97.871,212.2,0.0,7.1,Low,ok,2318
Thiamine,0.608,-0.935,2.22,24.247,265.4,0.0,7.1,Low,ok,2319
Cefaclor,0.621,-0.932,0.043,66.005,367.8,0.0,7.1,Low,ok,2320
Cefprozil,0.707,-0.936,-0.076,66.54,389.4,0.0,7.1,Low,ok,2321
Panthenol,-1.136,-0.944,1.445,8.929,205.3,0.0,7.0,Low,ok,2322
Cefalotin,0.592,-0.942,-2.538,73.185,396.4,0.0,7.0,Low,ok,2323
Hetacillin,1.411,-0.941,-2.386,60.338,389.5,0.0,7.0,Low,ok,2324
Chloramphenicol succinate,1.325,-0.939,-1.569,65.102,423.2,0.0,7.0,Low,ok,2325
Propylene glycol,-0.641,-0.952,2.899,5.072,76.1,0.0,6.9,Low,domain-edge (prediction unreliable),2326
Edoxudine,-1.26,-0.949,0.017,24.636,256.3,0.0,6.9,Low,ok,2327
Coenzyme M,-0.196,-0.961,-0.109,36.552,142.2,0.0,6.8,Low,ok,2328
Isoleucine,0.444,-0.966,-2.177,25.033,131.2,0.0,6.8,Low,ok,2329
Amiloride,-1.082,-0.967,1.159,34.397,229.6,0.0,6.8,Low,ok,2330
Meticillin,0.949,-0.969,-2.092,66.479,380.4,0.0,6.8,Low,ok,2331
Cefoxitin,0.099,-0.973,-2.233,69.479,427.5,0.0,6.7,Low,ok,2332
Dotatate gallium Ga-68,-7.76,-0.976,-6.209,81.425,1432.6,0.0,6.7,Low,domain-edge (prediction unreliable),2333
Isoprenaline,1.129,-0.976,1.271,17.293,211.3,0.0,6.7,Low,ok,2334
Phenylephrine,0.645,-0.973,-0.439,13.859,167.2,0.0,6.7,Low,ok,2335
Pyridostigmine,0.571,-0.972,2.324,0.319,181.2,0.0,6.7,Low,ok,2336
Lomefloxacin,1.796,-0.984,-1.511,57.568,351.4,0.0,6.6,Low,ok,2337
Acetylsalicylic acid,1.31,-0.987,-2.705,63.297,180.2,0.0,6.6,Low,ok,2338
Piperacillin,-0.24,-0.984,-2.926,63.339,517.6,0.0,6.6,Low,ok,2339
Cephalexin,0.445,-0.983,-1.704,61.382,347.4,0.0,6.6,Low,ok,2340
Diaminopyrimidine oxide,-1.121,-0.99,0.273,16.51,126.1,0.0,6.6,Low,ok,2341
Oxilofrine,1.033,-0.992,1.463,11.534,181.2,0.0,6.6,Low,ok,2342
Zalcitabine,-0.505,-0.983,-0.288,12.433,211.2,0.0,6.6,Low,ok,2343
Amdinocillin,1.406,-0.994,-3.249,52.452,325.4,0.0,6.6,Low,ok,2344
Pregabalin,1.082,-1.0,-2.796,30.158,159.2,0.0,6.5,Low,ok,2345
Undecoylium chloride iodine complex,-2.952,-1.0,2.977,23.133,237.3,0.0,6.5,Low,ok,2346
Technetium Tc-99m oxidronate,-1.385,-1.003,-1.042,60.945,192.0,0.0,6.5,Low,ok,2347
Selenomethionine,-0.041,-1.003,-2.553,26.275,196.1,0.0,6.5,Low,ok,2348
Ferric derisomaltose,-7.939,-1.007,0.265,25.121,506.5,0.0,6.4,Low,ok,2349
Biotin,0.797,-1.008,-3.011,43.029,244.3,0.0,6.4,Low,ok,2350
Selenomethionine Se-75,-0.041,-1.012,-2.55,26.029,192.1,0.0,6.4,Low,ok,2351
Cefpiramide,0.327,-1.01,1.173,85.224,612.7,0.0,6.4,Low,domain-edge (prediction unreliable),2352
Gadopiclenol,-8.895,-1.011,-1.809,50.036,812.9,0.0,6.4,Low,domain-edge (prediction unreliable),2353
Ribavirin,-3.011,-1.01,0.024,20.801,244.2,0.0,6.4,Low,ok,2354
Guanethidine,0.526,-1.02,0.558,-0.721,198.3,0.0,6.3,Low,ok,2355
Azaribine,-1.744,-1.019,-5.834,54.442,371.3,0.0,6.3,Low,ok,2356
Atracurium besylate,9.247,-1.037,0.933,81.769,929.2,0.0,6.2,Low,domain-edge (prediction unreliable),2357
Fluciclovine (18F),-0.1,-1.034,-3.351,20.326,132.1,0.0,6.2,Low,ok,2358
Nalidixic acid,1.423,-1.03,-0.569,64.598,232.2,0.0,6.2,Low,ok,2359
Methscopolamine bromide,-1.933,-1.036,4.109,20.758,318.4,0.0,6.2,Low,ok,2360
Methenamine,-1.02,-1.035,-0.626,12.609,140.2,0.0,6.2,Low,ok,2361
Methscopolamine,1.063,-1.049,0.921,18.703,318.4,0.0,6.1,Low,ok,2362
Cefroxadine,-0.067,-1.051,-1.233,60.64,365.4,0.0,6.1,Low,ok,2363
Gadoteridol,-6.162,-1.052,-1.8,55.782,401.4,0.0,6.1,Low,ok,2364
Captopril,0.628,-1.042,-2.628,56.205,217.3,0.0,6.1,Low,ok,2365
Elamipretide,-0.546,-1.043,0.442,26.612,639.8,0.0,6.1,Low,domain-edge (prediction unreliable),2366
Valaciclovir,-0.798,-1.064,3.774,40.763,324.3,0.0,6.0,Low,ok,2367
Cefamandole,-0.226,-1.06,0.51,78.755,462.5,0.0,6.0,Low,ok,2368
Sodium chloride,-5.992,-1.064,6.585,7.056,35.5,0.0,6.0,Low,domain-edge (prediction unreliable),2369
Dyphylline,-2.213,-1.06,-0.602,15.928,254.2,0.0,6.0,Low,ok,2370
Potassium chloride,-5.992,-1.071,6.803,3.423,35.5,0.0,5.9,Low,domain-edge (prediction unreliable),2371
Norepinephrine,0.09,-1.076,-0.497,19.173,169.2,0.0,5.9,Low,ok,2372
Acetrizoic acid,3.157,-1.068,2.708,82.852,556.9,0.0,5.9,Low,ok,2373
5-O-phosphono-alpha-D-ribofuranosyl diphosphate,-2.231,-1.09,-0.176,42.646,390.1,0.0,5.8,Low,ok,2374
Protirelin,-1.808,-1.084,-2.201,18.438,362.4,0.0,5.8,Low,ok,2375
Sulfamethizole,1.23,-1.081,2.091,79.535,270.3,0.0,5.8,Low,ok,2376
Linaclotide,-5.939,-1.093,-12.606,77.175,1526.8,0.0,5.8,Low,domain-edge (prediction unreliable),2377
Acyclovir,-1.332,-1.094,4.289,42.172,225.2,0.0,5.7,Low,ok,2378
Chloric acid,-2.935,-1.104,1.743,24.141,84.5,0.0,5.7,Low,domain-edge (prediction unreliable),2379
Methionine,0.151,-1.109,-2.501,23.411,149.2,0.0,5.6,Low,ok,2380
Gatifloxacin,1.98,-1.117,-1.695,57.037,375.4,0.0,5.6,Low,ok,2381
Practolol,1.383,-1.119,4.178,23.44,266.3,0.0,5.6,Low,ok,2382
Procarbazine,1.049,-1.129,2.195,9.157,221.3,0.0,5.5,Low,ok,2383
Cefazolin,-0.636,-1.131,1.065,86.904,454.5,0.0,5.5,Low,ok,2384
Magnesium sulfate,-1.719,-1.13,2.319,52.523,96.1,0.0,5.5,Low,domain-edge (prediction unreliable),2385
Fructose,-3.22,-1.141,1.486,3.558,180.2,0.0,5.4,Low,ok,2386
Tyrosine,0.347,-1.137,-2.575,37.885,181.2,0.0,5.4,Low,ok,2387
Mebrofenin,1.784,-1.141,-1.739,80.62,387.2,0.0,5.4,Low,ok,2388
Hexoprenaline,2.016,-1.137,5.048,32.374,420.5,0.0,5.4,Low,ok,2389
Magnesium carbonate,-2.828,-1.135,-0.395,70.783,60.0,0.0,5.4,Low,domain-edge (prediction unreliable),2390
Cefmenoxime,-0.87,-1.152,0.898,81.257,511.6,0.0,5.3,Low,ok,2391
Moxifloxacin,2.371,-1.153,-1.332,57.011,401.4,0.0,5.3,Low,ok,2392
Diazolidinylurea,-3.612,-1.15,0.083,15.006,278.2,0.0,5.3,Low,ok,2393
Nitrous acid,0.142,-1.15,-2.484,23.415,47.0,0.0,5.3,Low,domain-edge (prediction unreliable),2394
Ciprofloxacin,1.583,-1.161,-1.355,57.501,331.3,0.0,5.3,Low,ok,2395
Aminosalicylic acid,0.673,-1.176,0.738,60.163,153.1,0.0,5.2,Low,ok,2396
Cefmetazole,-0.728,-1.176,0.075,79.823,471.5,0.0,5.2,Low,ok,2397
Amifostine,-0.249,-1.164,1.157,10.497,214.2,0.0,5.2,Low,ok,2398
Valganciclovir,-1.437,-1.179,5.22,38.844,354.4,0.0,5.1,Low,ok,2399
Cefoperazone,-1.112,-1.186,0.139,80.317,645.7,0.0,5.1,Low,domain-edge (prediction unreliable),2400
Pramiracetam,0.844,-1.183,0.754,-8.032,269.4,0.0,5.1,Low,ok,2401
Aminobenzoic acid,0.967,-1.204,-0.705,57.818,137.1,0.0,5.0,Low,ok,2402
Glycerin,-1.668,-1.203,2.691,7.526,92.1,0.0,5.0,Low,domain-edge (prediction unreliable),2403
Droxidopa,-0.457,-1.193,-0.375,41.684,213.2,0.0,5.0,Low,ok,2404
Ganciclovir,-1.971,-1.201,5.081,33.538,255.2,0.0,5.0,Low,ok,2405
Fluorodopa (18F),0.191,-1.201,-1.916,38.397,214.2,0.0,5.0,Low,ok,2406
Eflornithine,-0.227,-1.218,-3.259,10.4,182.2,0.0,4.9,Low,ok,2407
Azlocillin,0.094,-1.214,-2.092,62.59,461.5,0.0,4.9,Low,ok,2408
Mafenide,-0.207,-1.218,-1.235,15.843,186.2,0.0,4.9,Low,ok,2409
Piracetam,-0.906,-1.217,-3.867,7.256,142.2,0.0,4.9,Low,ok,2410
Phthalylsulfathiazole,2.894,-1.218,-1.673,91.884,403.4,0.0,4.9,Low,ok,2411
Cysteamine,-0.125,-1.208,0.162,-2.167,77.2,0.0,4.9,Low,domain-edge (prediction unreliable),2412
Sodium zirconium cyclosilicate,-14.476,-1.23,5.033,75.088,228.2,0.0,4.8,Low,ok,2413
Racemethionine,0.151,-1.225,-2.624,25.042,149.2,0.0,4.8,Low,ok,2414
Epinephrine,0.351,-1.233,-0.042,15.486,183.2,0.0,4.8,Low,ok,2415
D-Methionine,0.151,-1.225,-2.818,22.953,149.2,0.0,4.8,Low,ok,2416
Cefadroxil,0.151,-1.23,-0.371,58.164,363.4,0.0,4.8,Low,ok,2417
Inosine,-2.269,-1.25,3.766,32.875,268.2,0.0,4.7,Low,ok,2418
Ferrous succinate,-2.736,-1.249,-1.523,59.794,116.1,0.0,4.7,Low,ok,2419
Idoxuridine,-1.218,-1.254,4.267,44.99,354.1,0.0,4.7,Low,ok,2420
Ampicillin,0.318,-1.244,-1.073,49.551,349.4,0.0,4.7,Low,ok,2421
Floxuridine,-1.684,-1.242,0.14,18.501,246.2,0.0,4.7,Low,ok,2422
Picosulfuric acid,2.625,-1.242,-0.624,86.51,437.5,0.0,4.7,Low,ok,2423
Spectinomycin,-2.926,-1.262,0.439,6.479,332.4,0.0,4.6,Low,ok,2424
Cefdinir,-0.172,-1.262,-0.815,77.505,395.4,0.0,4.6,Low,ok,2425
Sodium molybdate,-8.61,-1.266,5.506,44.982,159.9,0.0,4.6,Low,ok,2426
Cystine,-0.808,-1.269,-3.588,54.339,240.3,0.0,4.6,Low,ok,2427
Calcium carbonate,-2.828,-1.265,0.096,67.073,60.0,0.0,4.6,Low,domain-edge (prediction unreliable),2428
Colistimethate,-9.773,-1.255,-11.784,64.077,1634.9,0.0,4.6,Low,domain-edge (prediction unreliable),2429
Argatroban,0.913,-1.277,-0.945,43.225,508.6,0.0,4.5,Low,ok,2430
Doxecitine,-1.534,-1.279,0.671,8.629,227.2,0.0,4.5,Low,ok,2431
Levodopa,0.052,-1.273,-1.649,38.572,197.2,0.0,4.5,Low,ok,2432
Ipratropium,2.854,-1.294,4.31,10.877,332.5,0.0,4.4,Low,ok,2433
Thymidine,-1.514,-1.297,0.185,20.003,242.2,0.0,4.4,Low,ok,2434
Cefuroxime,-0.536,-1.302,-1.298,63.101,424.4,0.0,4.4,Low,ok,2435
Cephaloglycin,-0.012,-1.303,-2.164,60.957,405.4,0.0,4.4,Low,ok,2436
Trolamine,-1.735,-1.29,8.392,-12.132,149.2,0.0,4.4,Low,ok,2437
Foslevodopa,-0.182,-1.304,0.272,45.064,277.2,0.0,4.4,Low,ok,2438
Cyclacillin,0.28,-1.305,-2.042,39.68,341.4,0.0,4.4,Low,ok,2439
Acetarsol,-1.088,-1.315,4.312,53.778,275.1,0.0,4.3,Low,ok,2440
Ferrous sulfate anhydrous,-1.34,-1.322,2.262,48.593,96.1,0.0,4.3,Low,domain-edge (prediction unreliable),2441
Copper oxodotreotide Cu-64,-6.047,-1.317,-8.237,79.161,1433.6,0.0,4.3,Low,domain-edge (prediction unreliable),2442
Phosphoric acid,-0.929,-1.318,2.209,32.034,98.0,0.0,4.3,Low,domain-edge (prediction unreliable),2443
Mesalazine,0.673,-1.322,1.232,58.127,153.1,0.0,4.2,Low,ok,2444
Etidronic acid,-0.992,-1.339,0.679,39.917,206.0,0.0,4.2,Low,ok,2445
Tromethamine,-2.339,-1.329,3.084,0.47,121.1,0.0,4.2,Low,ok,2446
Gabapentin,1.37,-1.331,-4.525,23.768,171.2,0.0,4.2,Low,ok,2447
Durlobactam,-1.359,-1.323,0.485,53.072,277.3,0.0,4.2,Low,ok,2448
Atenolol,0.452,-1.332,-2.259,15.247,266.3,0.0,4.2,Low,ok,2449
Pentostatin,-1.18,-1.336,1.888,7.745,268.3,0.0,4.2,Low,ok,2450
Betahistine,0.843,-1.328,0.573,1.87,136.2,0.0,4.2,Low,ok,2451
Chromous sulfate,-1.34,-1.363,2.546,48.033,96.1,0.0,4.0,Low,domain-edge (prediction unreliable),2452
Cefpodoxime,-0.539,-1.364,0.703,61.863,427.5,0.0,4.0,Low,ok,2453
Cysteine,-0.672,-1.375,-3.185,21.35,121.2,0.0,4.0,Low,ok,2454
Urea C-14,-0.976,-1.361,-2.364,0.126,62.0,0.0,4.0,Low,domain-edge (prediction unreliable),2455
Cytarabine,-2.563,-1.366,0.228,8.76,243.2,0.0,4.0,Low,ok,2456
Telbivudine,-1.514,-1.362,0.431,20.056,242.2,0.0,4.0,Low,ok,2457
Glucosamine,-3.255,-1.375,-0.205,-0.449,179.2,0.0,4.0,Low,ok,2458
Penicillamine,0.107,-1.376,-1.941,23.491,149.2,0.0,4.0,Low,ok,2459
Urea,-0.976,-1.363,-2.356,0.08,60.1,0.0,4.0,Low,domain-edge (prediction unreliable),2460
Urea C-13,-0.976,-1.362,-2.36,0.103,61.0,0.0,4.0,Low,domain-edge (prediction unreliable),2461
Cidofovir,-1.662,-1.392,0.987,13.998,279.2,0.0,3.9,Low,ok,2462
Imidurea,-4.802,-1.386,-0.71,29.96,388.3,0.0,3.9,Low,ok,2463
Betazole,-0.089,-1.386,1.935,8.565,111.1,0.0,3.9,Low,ok,2464
Methyl aminolevulinate,-0.533,-1.387,-3.762,8.348,145.2,0.0,3.9,Low,ok,2465
L-Acetylleucine,0.622,-1.387,-2.035,41.526,173.2,0.0,3.9,Low,ok,2466
Risedronic acid,-0.374,-1.395,1.533,40.232,283.1,0.0,3.9,Low,ok,2467
Cefotaxime,-0.622,-1.391,-0.196,68.986,455.5,0.0,3.9,Low,ok,2468
Ferrous fumarate,-2.96,-1.379,-0.447,72.476,114.1,0.0,3.9,Low,ok,2469
Boric acid,-2.052,-1.378,1.992,32.336,61.8,0.0,3.9,Low,domain-edge (prediction unreliable),2470
Pamidronic acid,-1.663,-1.378,1.988,32.877,235.1,0.0,3.9,Low,ok,2471
Technetium Tc-99m succimer,-0.25,-1.41,0.774,73.921,182.2,0.0,3.8,Low,ok,2472
Lactulose,-5.396,-1.402,1.306,-1.858,342.3,0.0,3.8,Low,ok,2473
Valine,0.054,-1.405,-2.505,16.621,117.1,0.0,3.8,Low,ok,2474
Acetohydroxamic acid,-0.488,-1.409,-1.164,10.35,75.1,0.0,3.8,Low,domain-edge (prediction unreliable),2475
Selenious acid,-1.614,-1.402,1.061,35.485,129.0,0.0,3.8,Low,ok,2476
Norfloxacin,1.268,-1.403,-0.712,52.111,319.3,0.0,3.8,Low,ok,2477
Zinc sulfate,-1.34,-1.433,3.295,46.254,96.1,0.0,3.7,Low,domain-edge (prediction unreliable),2478
Miglitol,-3.262,-1.437,2.409,-6.888,207.2,0.0,3.6,Low,ok,2479
Ethambutol,-0.293,-1.443,3.211,-10.097,204.3,0.0,3.6,Low,ok,2480
Xylose,-2.74,-1.442,0.326,9.315,150.1,0.0,3.6,Low,ok,2481
Taurine,-1.167,-1.475,-0.18,21.854,125.1,0.0,3.5,Low,ok,2482
Nicotinamide riboside,-2.315,-1.472,2.449,3.676,255.2,0.0,3.5,Low,ok,2483
N-Acetylglucosamine,-3.235,-1.46,-2.316,5.442,221.2,0.0,3.5,Low,ok,2484
Xylitol,-2.946,-1.461,1.106,3.215,152.1,0.0,3.5,Low,ok,2485
Cefapirin,0.475,-1.464,0.309,66.8,423.5,0.0,3.5,Low,ok,2486
Sucrose,-5.396,-1.47,1.611,-1.777,342.3,0.0,3.5,Low,ok,2487
Hydroxystilbamidine,2.131,-1.484,2.911,30.097,280.3,0.0,3.4,Low,ok,2488
Amoxicillin,0.024,-1.486,0.051,46.589,365.4,0.0,3.4,Low,ok,2489
Pramlintide,-23.825,-1.498,-24.51,26.15,3949.5,0.0,3.4,Low,domain-edge (prediction unreliable),2490
Xanthinol,-2.281,-1.489,4.142,-4.357,311.3,0.0,3.4,Low,ok,2491
Ceftaroline fosamil,-0.115,-1.509,5.691,73.095,684.7,0.0,3.3,Low,domain-edge (prediction unreliable),2492
Chromium picolinate,-1.667,-1.521,-1.791,87.887,122.1,0.0,3.3,Low,ok,2493
Zoledronic acid,-1.115,-1.504,1.945,37.921,272.1,0.0,3.3,Low,ok,2494
Iodohippurate sodium I-131,-3.225,-1.511,6.973,59.229,308.1,0.0,3.3,Low,ok,2495
Glycyrrhizic acid,2.246,-1.521,-4.489,88.092,822.9,0.0,3.3,Low,domain-edge (prediction unreliable),2496
Ceftizoxime,-0.556,-1.522,-0.002,65.192,383.4,0.0,3.3,Low,ok,2497
Cefotiam,-0.653,-1.519,0.909,62.256,525.6,0.0,3.3,Low,ok,2498
Silodrate,-11.218,-1.502,-11.073,127.004,76.1,0.0,3.3,Low,domain-edge (prediction unreliable),2499
Doripenem,-1.603,-1.52,-1.455,39.46,420.5,0.0,3.3,Low,ok,2500
Ademetionine,-3.257,-1.504,5.435,17.695,398.4,0.0,3.3,Low,ok,2501
Sodium glycerophosphate,-8.807,-1.526,6.243,18.892,170.1,0.0,3.2,Low,ok,2502
Uridine,-2.852,-1.545,-0.729,14.791,244.2,0.0,3.2,Low,ok,2503
Iodohippurate sodium I-123,-3.225,-1.528,6.908,58.66,300.1,0.0,3.2,Low,ok,2504
Tegafur-uracil,-0.952,-1.525,-3.222,39.554,200.2,0.0,3.2,Low,ok,2505
Gluconolactone,-3.013,-1.546,1.154,7.933,178.1,0.0,3.2,Low,ok,2506
Sulfacetamide,0.094,-1.568,-0.597,60.013,214.2,0.0,3.1,Low,ok,2507
Nickel sulfate,-1.34,-1.564,3.016,41.086,96.1,0.0,3.1,Low,domain-edge (prediction unreliable),2508
Mandelic acid,0.805,-1.552,-0.076,47.77,152.1,0.0,3.1,Low,ok,2509
Histamine,-0.089,-1.554,-0.424,-0.533,111.1,0.0,3.1,Low,ok,2510
Calcium levulinate,-2.17,-1.556,-2.18,51.782,115.1,0.0,3.1,Low,ok,2511
Enalaprilat,1.126,-1.557,-2.671,66.115,348.4,0.0,3.1,Low,ok,2512
Hydroxyurea,-0.956,-1.582,-0.628,8.091,76.1,0.0,3.0,Low,domain-edge (prediction unreliable),2513
Threonine,-1.221,-1.576,-1.652,15.528,119.1,0.0,3.0,Low,ok,2514
D-glucose,-3.379,-1.585,0.37,8.576,180.2,0.0,3.0,Low,ok,2515
Pyrophosphoric acid,-0.812,-1.572,1.401,45.73,178.0,0.0,3.0,Low,ok,2516
Neostigmine,1.944,-1.583,-0.009,-8.795,223.3,0.0,3.0,Low,ok,2517
Dichloroacetic acid,0.875,-1.572,1.417,31.836,128.9,0.0,3.0,Low,ok,2518
Azelaic acid,1.886,-1.58,-3.655,54.71,188.2,0.0,3.0,Low,ok,2519
D-Serine,-1.609,-1.613,-1.032,15.925,105.1,0.0,2.9,Low,ok,2520
Carbamide peroxide,-0.959,-1.6,-0.881,-3.468,60.1,0.0,2.9,Low,domain-edge (prediction unreliable),2521
Avibactam,-1.525,-1.605,0.629,46.347,265.2,0.0,2.9,Low,ok,2522
Tazobactam,-1.523,-1.611,-1.225,52.027,300.3,0.0,2.9,Low,ok,2523
Enoxacin,0.663,-1.599,-2.479,48.339,320.3,0.0,2.9,Low,ok,2524
Monomethyl fumarate,-0.2,-1.616,-0.822,58.831,130.1,0.0,2.9,Low,ok,2525
Galactose,-3.379,-1.624,-0.097,7.307,180.2,0.0,2.8,Low,ok,2526
Zinc phenolsulfonate,0.59,-1.624,4.86,66.857,173.2,0.0,2.8,Low,ok,2527
Decitabine,-2.139,-1.643,-0.826,4.174,228.2,0.0,2.8,Low,ok,2528
Mannitol,-3.585,-1.63,1.219,2.079,182.2,0.0,2.8,Low,ok,2529
Gaxilose,-4.915,-1.636,1.338,2.219,312.3,0.0,2.8,Low,ok,2530
Lactose,-5.397,-1.632,1.075,-1.288,342.3,0.0,2.8,Low,ok,2531
Cefepime,-1.28,-1.631,3.565,45.916,480.6,0.0,2.8,Low,ok,2532
Enmetazobactam,-3.428,-1.667,0.208,34.483,314.3,0.0,2.7,Low,ok,2533
Thiosulfuric acid,-0.321,-1.663,3.097,39.446,114.1,0.0,2.7,Low,ok,2534
Mezlocillin,-0.234,-1.696,-2.96,66.553,539.6,0.0,2.6,Low,ok,2535
Sorbitol,-3.585,-1.678,0.817,0.836,182.2,0.0,2.6,Low,ok,2536
Deferoxamine,0.922,-1.689,-3.682,-3.762,560.7,0.0,2.6,Low,ok,2537
Sodium stibogluconate,-25.71,-1.691,6.857,81.84,676.8,0.0,2.6,Low,domain-edge (prediction unreliable),2538
"Sodium phosphate, monobasic",-4.557,-1.674,4.67,27.574,97.0,0.0,2.6,Low,domain-edge (prediction unreliable),2539
Propanoic acid,0.481,-1.683,-1.296,23.649,74.1,0.0,2.6,Low,domain-edge (prediction unreliable),2540
Monopotassium phosphate,-4.557,-1.708,4.55,25.337,97.0,0.0,2.5,Low,domain-edge (prediction unreliable),2541
Potassium perchlorate,-7.752,-1.731,6.187,32.644,99.4,0.0,2.5,Low,domain-edge (prediction unreliable),2542
Magnesium acetate tetrahydrate,-6.167,-1.706,2.516,47.546,59.0,0.0,2.5,Low,domain-edge (prediction unreliable),2543
Serine,-1.609,-1.716,-1.196,16.086,105.1,0.0,2.5,Low,ok,2544
Migalastat,-2.967,-1.727,-0.995,-4.891,163.2,0.0,2.5,Low,ok,2545
Gadobenic acid,-5.103,-1.702,-2.544,85.148,510.5,0.0,2.5,Low,ok,2546
Alanine,-0.582,-1.76,-2.083,11.905,89.1,0.0,2.4,Low,domain-edge (prediction unreliable),2547
Azacitidine,-3.168,-1.744,-1.219,3.084,244.2,0.0,2.4,Low,ok,2548
Olsalazine,2.91,-1.759,0.513,86.409,302.2,0.0,2.4,Low,ok,2549
Iopromide,-0.407,-1.733,2.629,44.907,791.1,0.0,2.4,Low,domain-edge (prediction unreliable),2550
N-acetyltyrosine,0.524,-1.734,-1.438,49.429,223.2,0.0,2.4,Low,ok,2551
Sodium bisulfite,-3.658,-1.744,5.272,23.278,81.1,0.0,2.4,Low,domain-edge (prediction unreliable),2552
Acamprosate,-0.6,-1.754,-2.152,18.504,181.2,0.0,2.4,Low,ok,2553
Pralidoxime,0.319,-1.754,1.852,7.798,137.2,0.0,2.4,Low,ok,2554
Magnesium malate,-4.144,-1.75,0.759,56.421,132.1,0.0,2.4,Low,ok,2555
Lymecycline,-0.454,-1.747,0.41,38.869,602.6,0.0,2.4,Low,domain-edge (prediction unreliable),2556
Metamizole,0.766,-1.776,0.102,49.518,311.4,0.0,2.3,Low,ok,2557
Formic acid,-0.299,-1.776,-0.692,21.484,46.0,0.0,2.3,Low,domain-edge (prediction unreliable),2558
Niacin,0.78,-1.779,-0.702,41.16,123.1,0.0,2.3,Low,ok,2559
Asparagine,-1.726,-1.771,-2.703,13.958,132.1,0.0,2.3,Low,ok,2560
Sulbactam,-0.795,-1.792,-2.081,47.458,233.2,0.0,2.3,Low,ok,2561
Trolamine salicylate,-0.644,-1.767,7.185,27.621,138.1,0.0,2.3,Low,ok,2562
Iobitridol,-1.11,-1.773,4.023,41.088,835.2,0.0,2.3,Low,domain-edge (prediction unreliable),2563
Dabigatran,2.986,-1.819,2.647,51.169,471.5,0.0,2.2,Low,ok,2564
Alendronic acid,-1.273,-1.812,2.518,24.184,249.1,0.0,2.2,Low,ok,2565
Sodium aurothiomalate,-8.552,-1.803,7.193,51.275,344.1,0.0,2.2,Low,ok,2566
Citicoline,-2.23,-1.796,3.861,0.675,488.3,0.0,2.2,Low,ok,2567
Lactitol,-5.761,-1.856,2.036,-4.407,344.3,0.0,2.1,Low,ok,2568
Inositol,-3.835,-1.834,-0.928,3.621,180.2,0.0,2.1,Low,ok,2569
Medronic acid,-0.701,-1.852,1.425,32.13,176.0,0.0,2.1,Low,ok,2570
Proline,-0.177,-1.859,-2.825,17.227,115.1,0.0,2.1,Low,ok,2571
Gallium nitrate,-1.098,-1.84,1.953,38.634,62.0,0.0,2.1,Low,domain-edge (prediction unreliable),2572
Edrophonium,1.979,-1.833,5.309,-14.049,166.2,0.0,2.1,Low,ok,2573
Iodamide,2.793,-1.892,0.931,75.288,627.9,0.0,2.0,Low,domain-edge (prediction unreliable),2574
L-Glutamine,-1.336,-1.864,-4.248,8.931,146.1,0.0,2.0,Low,ok,2575
Afamelanotide,-4.1,-1.877,-2.327,37.074,1646.9,0.0,2.0,Low,domain-edge (prediction unreliable),2576
Meropenem,-0.308,-1.874,-2.227,35.515,383.5,0.0,2.0,Low,ok,2577
Ioxilan,-0.988,-1.909,0.214,43.418,791.1,0.0,1.9,Low,domain-edge (prediction unreliable),2578
"Sodium phosphate, dibasic",-8.185,-1.921,6.426,25.565,96.0,0.0,1.9,Low,domain-edge (prediction unreliable),2579
Magnesium glycinate,-4.991,-1.911,-1.871,39.018,74.1,0.0,1.9,Low,domain-edge (prediction unreliable),2580
Potassium nitrate,-3.235,-1.902,4.256,4.134,62.0,0.0,1.9,Low,domain-edge (prediction unreliable),2581
Gallium citrate Ga-67,-5.633,-1.926,0.991,63.891,189.1,0.0,1.9,Low,ok,2582
Sodium metavanadate,-4.425,-1.9,4.626,33.841,98.9,0.0,1.9,Low,domain-edge (prediction unreliable),2583
Sodium aurotiosulfate,-12.653,-1.914,6.505,52.435,112.1,0.0,1.9,Low,ok,2584
Sodium phosphate P 32,-8.185,-1.919,6.423,25.604,97.0,0.0,1.9,Low,domain-edge (prediction unreliable),2585
Metformin,-1.034,-1.906,-1.496,-3.578,129.2,0.0,1.9,Low,ok,2586
Pyruvic acid,-0.34,-1.945,-0.518,31.25,88.1,0.0,1.8,Low,domain-edge (prediction unreliable),2587
Magnesium acetate,-2.868,-1.944,1.355,38.913,59.0,0.0,1.8,Low,domain-edge (prediction unreliable),2588
Ceftriaxone,-1.611,-1.946,-1.973,73.984,554.6,0.0,1.8,Low,ok,2589
Homatropine methylbromide,-0.963,-1.946,1.981,4.009,290.4,0.0,1.8,Low,ok,2590
Dichromate,-2.927,-1.95,2.358,48.105,216.0,0.0,1.8,Low,ok,2591
Ethylenediamine,-1.096,-1.947,-1.507,-11.573,60.1,0.0,1.8,Low,domain-edge (prediction unreliable),2592
Tipiracil,0.29,-1.959,-2.075,25.377,242.7,0.0,1.8,Low,ok,2593
Nedocromil,2.477,-1.976,-0.988,90.363,371.3,0.0,1.8,Low,ok,2594
Chromic nitrate,-0.72,-1.961,1.72,36.387,62.0,0.0,1.8,Low,domain-edge (prediction unreliable),2595
Ceftobiprole medocaril,-0.538,-1.965,-3.921,77.36,690.7,0.0,1.8,Low,domain-edge (prediction unreliable),2596
Dipotassium phosphate,-8.185,-1.983,6.2,21.37,96.0,0.0,1.7,Low,domain-edge (prediction unreliable),2597
Iohexol,-1.627,-2.004,0.108,42.33,821.1,0.0,1.7,Low,domain-edge (prediction unreliable),2598
Bleomycin,-7.704,-2.015,8.963,15.125,1415.6,0.0,1.7,Low,domain-edge (prediction unreliable),2599
Gadoteric acid,-6.458,-1.999,-3.927,62.077,401.4,0.0,1.7,Low,ok,2600
Tannic acid,4.838,-2.006,-7.307,121.875,1701.2,0.0,1.7,Low,domain-edge (prediction unreliable),2601
Acetylcysteine,-0.494,-2.033,-2.069,31.946,163.2,0.0,1.6,Low,ok,2602
gamma-Hydroxybutyric acid,-0.156,-2.037,-0.926,15.998,104.1,0.0,1.6,Low,ok,2603
Tranexamic acid,0.836,-2.027,-2.97,14.752,157.2,0.0,1.6,Low,ok,2604
Vigabatrin,0.364,-2.026,-3.511,7.388,129.2,0.0,1.6,Low,ok,2605
Dexchlorpheniramine maleate,3.53,-2.052,2.832,69.908,274.8,0.0,1.6,Low,ok,2606
Histidine,-0.636,-2.028,-1.395,13.437,155.2,0.0,1.6,Low,ok,2607
Sodium oxybate,-4.487,-2.066,3.66,9.715,103.1,0.0,1.6,Low,ok,2608
Sodium borate,-10.235,-2.061,7.331,69.559,155.2,0.0,1.6,Low,ok,2609
Pantothenic acid,-1.043,-2.031,-1.025,20.409,219.2,0.0,1.6,Low,ok,2610
Calcium acetate,-2.868,-2.066,1.731,34.787,59.0,0.0,1.6,Low,domain-edge (prediction unreliable),2611
Bethanechol,0.176,-2.042,-0.444,-25.326,161.2,0.0,1.6,Low,ok,2612
Iopamidol,-1.014,-2.024,5.41,43.387,777.1,0.0,1.6,Low,domain-edge (prediction unreliable),2613
Methacholine,0.644,-2.053,-0.669,-24.456,160.2,0.0,1.6,Low,ok,2614
Acetic acid,0.091,-2.063,-0.623,20.56,60.1,0.0,1.6,Low,domain-edge (prediction unreliable),2615
Betiatide,-1.007,-2.098,-1.533,54.543,367.4,0.0,1.5,Low,ok,2616
Ferrous bisglycinate,-4.612,-2.107,-2.183,34.87,74.1,0.0,1.5,Low,domain-edge (prediction unreliable),2617
Erdosteine,-0.047,-2.068,-0.275,43.523,249.3,0.0,1.5,Low,ok,2618
Iomeprol,-1.378,-2.084,0.756,42.018,777.1,0.0,1.5,Low,domain-edge (prediction unreliable),2619
Viomycin,-8.673,-2.068,-4.514,-2.037,685.7,0.0,1.5,Low,domain-edge (prediction unreliable),2620
Ioversol,-2.016,-2.077,1.003,40.013,807.1,0.0,1.5,Low,domain-edge (prediction unreliable),2621
Tiludronic acid,2.071,-2.07,2.12,75.658,318.6,0.0,1.5,Low,ok,2622
Hydroxyproline,-1.206,-2.078,-2.37,12.107,131.1,0.0,1.5,Low,ok,2623
Iodipamide,6.848,-2.152,1.277,92.179,1139.8,0.0,1.4,Low,domain-edge (prediction unreliable),2624
Gadoxetic acid,-4.679,-2.158,-3.508,85.368,524.5,0.0,1.4,Low,ok,2625
Plecanatide,-8.148,-2.163,-12.591,67.702,1681.9,0.0,1.4,Low,domain-edge (prediction unreliable),2626
Hydroxyethyl cellulose,-2.156,-2.154,10.85,-30.875,806.9,0.0,1.4,Low,domain-edge (prediction unreliable),2627
Balsalazide,2.71,-2.15,0.504,76.119,357.3,0.0,1.4,Low,ok,2628
Oxidronic acid,-1.382,-2.161,0.357,33.072,192.0,0.0,1.4,Low,ok,2629
Sodium acetate,-4.24,-2.2,4.547,6.665,59.0,0.0,1.3,Low,domain-edge (prediction unreliable),2630
Biguanide,-1.637,-2.207,-2.109,-9.689,101.1,0.0,1.3,Low,ok,2631
Peramivir,-0.139,-2.176,-1.315,5.392,328.4,0.0,1.3,Low,ok,2632
Aminophylline,-3.176,-2.22,3.009,10.561,180.2,0.0,1.3,Low,ok,2633
Clavulanic acid,-1.096,-2.18,-0.92,35.745,199.2,0.0,1.3,Low,ok,2634
Lisinopril,1.235,-2.219,-1.532,50.377,405.5,0.0,1.3,Low,ok,2635
Relebactam,-1.142,-2.175,1.411,30.017,348.4,0.0,1.3,Low,ok,2636
Carbenicillin,0.486,-2.21,-1.327,59.956,378.4,0.0,1.3,Low,ok,2637
Pralatrexate,0.982,-2.197,-2.001,68.754,477.5,0.0,1.3,Low,ok,2638
Aztreonam,-2.224,-2.199,1.314,58.658,435.4,0.0,1.3,Low,ok,2639
Ertapenem,0.941,-2.199,-0.864,72.853,475.5,0.0,1.3,Low,ok,2640
Clodronic acid,0.431,-2.179,2.711,41.832,244.9,0.0,1.3,Low,ok,2641
L-Lactic acid,-0.548,-2.201,1.362,23.28,90.1,0.0,1.3,Low,domain-edge (prediction unreliable),2642
Acarbose,-8.722,-2.219,-1.504,-9.08,645.6,0.0,1.3,Low,domain-edge (prediction unreliable),2643
Ammonium lactate,-1.507,-2.261,3.613,14.081,89.1,0.0,1.2,Low,domain-edge (prediction unreliable),2644
Meglumine,-3.358,-2.234,0.655,-10.956,195.2,0.0,1.2,Low,ok,2645
Carbamoylcholine,-0.212,-2.256,-1.025,-27.007,147.2,0.0,1.2,Low,ok,2646
Ornithine,-0.863,-2.229,-2.583,-1.304,132.2,0.0,1.2,Low,ok,2647
Imipenem,-0.386,-2.225,-1.976,32.981,299.4,0.0,1.2,Low,ok,2648
Metrizoic acid,3.14,-2.234,-0.232,71.829,627.9,0.0,1.2,Low,domain-edge (prediction unreliable),2649
Ascorbic acid,-1.407,-2.235,2.007,23.39,176.1,0.0,1.2,Low,ok,2650
Iotroxic acid,5.338,-2.24,5.51,89.165,1215.8,0.0,1.2,Low,domain-edge (prediction unreliable),2651
Lactic acid,-0.548,-2.277,1.581,24.248,90.1,0.0,1.2,Low,domain-edge (prediction unreliable),2652
Potassium acetate,-4.24,-2.241,4.349,3.198,59.0,0.0,1.2,Low,domain-edge (prediction unreliable),2653
Foscarnet,-0.158,-2.275,2.044,32.581,126.0,0.0,1.2,Low,ok,2654
Zinc acetate,-2.49,-2.272,2.31,30.896,59.0,0.0,1.2,Low,domain-edge (prediction unreliable),2655
Acetylcholine,0.256,-2.248,-1.403,-24.466,146.2,0.0,1.2,Low,ok,2656
Lithium carbonate,-8.439,-2.245,5.851,44.059,60.0,0.0,1.2,Low,domain-edge (prediction unreliable),2657
Pentetreotide,-3.404,-2.316,-6.313,66.264,1394.6,0.0,1.1,Low,domain-edge (prediction unreliable),2658
Ticarcillin,0.548,-2.289,-0.05,58.882,384.4,0.0,1.1,Low,ok,2659
Sennosides,-1.096,-2.306,0.053,83.62,862.7,0.0,1.1,Low,domain-edge (prediction unreliable),2660
Sodium chromate Cr-51,-8.61,-2.306,7.549,28.58,114.9,0.0,1.1,Low,ok,2661
Ceftobiprole,-1.442,-2.342,-0.279,58.54,534.6,0.0,1.1,Low,ok,2662
Calcium lactate,-4.147,-2.347,2.184,44.192,89.1,0.0,1.1,Low,domain-edge (prediction unreliable),2663
gamma-Aminobutyric acid,-0.19,-2.313,-2.41,3.801,103.1,0.0,1.1,Low,ok,2664
Pidolic acid,-0.65,-2.287,-1.549,25.136,129.1,0.0,1.1,Low,ok,2665
Potassium lactate,-4.879,-2.32,4.962,14.07,89.1,0.0,1.1,Low,domain-edge (prediction unreliable),2666
Ferrous cysteine glycinate,-4.034,-2.336,-3.351,39.49,121.2,0.0,1.1,Low,ok,2667
Lysine,-0.473,-2.413,-2.254,-6.902,146.2,0.0,1.0,Low,ok,2668
Iobenguane sulfate I-123,1.896,-2.351,10.709,50.879,271.1,0.0,1.0,Low,ok,2669
Glycine,-0.97,-2.396,-1.752,13.342,75.1,0.0,1.0,Low,domain-edge (prediction unreliable),2670
Guanidine,-1.161,-2.406,-1.19,-23.565,59.1,0.0,1.0,Low,domain-edge (prediction unreliable),2671
Piperazine,-0.821,-2.402,-1.648,-23.12,86.1,0.0,1.0,Low,domain-edge (prediction unreliable),2672
Aluminum acetate,-4.112,-2.392,1.254,50.303,59.0,0.0,1.0,Low,domain-edge (prediction unreliable),2673
Ceftazidime,-1.299,-2.375,3.772,65.685,546.6,0.0,1.0,Low,ok,2674
Pemetrexed,0.666,-2.403,-0.113,73.848,427.4,0.0,1.0,Low,ok,2675
Diatrizoate,3.115,-2.375,0.755,72.952,613.9,0.0,1.0,Low,domain-edge (prediction unreliable),2676
Daptomycin,-5.622,-2.383,-10.929,62.593,1620.7,0.0,1.0,Low,domain-edge (prediction unreliable),2677
Aminohippuric acid,0.083,-2.361,0.809,48.329,194.2,0.0,1.0,Low,ok,2678
Acipimox,-0.278,-2.402,0.338,34.847,154.1,0.0,1.0,Low,ok,2679
Ferrous ascorbate,-5.213,-2.463,1.435,44.525,176.1,0.0,0.9,Low,ok,2680
Sodium ascorbate,-5.601,-2.447,5.576,16.714,175.1,0.0,0.9,Low,ok,2681
Glycolic acid,-0.937,-2.433,1.508,23.308,76.1,0.0,0.9,Low,domain-edge (prediction unreliable),2682
Temocillin,0.522,-2.481,-0.262,61.265,414.5,0.0,0.9,Low,ok,2683
Latamoxef,-1.128,-2.428,1.142,75.705,520.5,0.0,0.9,Low,ok,2684
Raltitrexed,1.977,-2.435,-1.189,71.472,458.5,0.0,0.9,Low,ok,2685
Chloral betaine,-0.89,-2.488,2.39,17.705,117.1,0.0,0.9,Low,ok,2686
L-threonic acid,-2.215,-2.463,2.149,18.148,136.1,0.0,0.9,Low,ok,2687
Choline magnesium trisalicylate,-1.429,-2.439,5.456,60.446,137.1,0.0,0.9,Low,ok,2688
Aminocaproic acid,0.59,-2.456,-3.2,4.868,131.2,0.0,0.9,Low,ok,2689
Ceruletide,-4.515,-2.464,-6.206,68.576,1352.4,0.0,0.9,Low,domain-edge (prediction unreliable),2690
Tiopronin,-0.495,-2.431,-0.588,32.128,163.2,0.0,0.9,Low,ok,2691
Imetelstat,8.62,-2.512,9.981,14.041,4610.3,0.0,0.8,Low,domain-edge (prediction unreliable),2692
Potassium alum,-6.053,-2.586,2.259,53.18,96.1,0.0,0.8,Low,domain-edge (prediction unreliable),2693
Iothalamic acid,2.517,-2.512,-1.337,65.612,613.9,0.0,0.8,Low,domain-edge (prediction unreliable),2694
Glutamic acid,-0.737,-2.536,-2.615,17.843,147.1,0.0,0.8,Low,ok,2695
Cefiderocol,-0.182,-2.555,3.55,66.218,752.2,0.0,0.8,Low,domain-edge (prediction unreliable),2696
Selenic acid,-1.732,-2.594,2.117,43.1,145.0,0.0,0.8,Low,ok,2697
Sulfuric acid,-0.653,-2.64,2.894,40.218,98.1,0.0,0.7,Low,domain-edge (prediction unreliable),2698
Betaine,-1.557,-2.679,-2.466,4.996,117.1,0.0,0.7,Low,ok,2699
Carbocisteine,-0.784,-2.601,-1.887,39.376,179.2,0.0,0.7,Low,ok,2700
Magnesium ascorbate,-5.591,-2.603,2.375,41.989,175.1,0.0,0.7,Low,ok,2701
Cefixime,-0.545,-2.695,-1.438,74.761,453.5,0.0,0.7,Low,ok,2702
Chromium nicotinate,-1.667,-2.611,0.99,69.366,122.1,0.0,0.7,Low,ok,2703
Tilarginine,-1.078,-2.693,-0.504,-14.837,188.2,0.0,0.7,Low,ok,2704
Cefonicid,-0.917,-2.624,0.902,74.676,542.6,0.0,0.7,Low,ok,2705
Acetylcarnitine,-1.236,-2.626,-2.309,-8.696,203.2,0.0,0.7,Low,ok,2706
Aminolevulinic acid,-0.621,-2.623,-2.952,7.996,131.1,0.0,0.7,Low,ok,2707
Niacinamide ascorbate,-1.227,-2.634,2.134,21.903,176.1,0.0,0.7,Low,ok,2708
Succimer,-0.248,-2.686,1.541,43.939,182.2,0.0,0.7,Low,ok,2709
Aluminum sulfate,-4.776,-2.634,-4.328,77.965,96.1,0.0,0.7,Low,domain-edge (prediction unreliable),2710
Netilmicin,-3.201,-2.786,0.57,-29.406,475.6,0.0,0.6,Low,ok,2711
Potassium sulfate,-7.33,-2.769,7.402,17.31,96.1,0.0,0.6,Low,domain-edge (prediction unreliable),2712
Potassium gluconate,-7.824,-2.796,5.162,6.756,195.1,0.0,0.6,Low,ok,2713
Levomefolic acid,-0.258,-2.744,0.722,60.289,459.5,0.0,0.6,Low,ok,2714
Choline salicylate,-0.559,-2.815,3.28,-3.491,137.1,0.0,0.6,Low,ok,2715
Calcium saccharate,-6.451,-2.716,1.613,40.021,208.1,0.0,0.6,Low,ok,2716
Gluconic Acid,-3.493,-2.745,1.756,13.144,196.2,0.0,0.6,Low,ok,2717
Strontium ranelate,-6.18,-2.717,-1.915,99.338,338.3,0.0,0.6,Low,ok,2718
Sodium sulfate,-7.33,-2.711,7.659,21.383,96.1,0.0,0.6,Low,domain-edge (prediction unreliable),2719
Ioxitalamic acid,1.879,-2.712,-0.021,61.073,643.9,0.0,0.6,Low,domain-edge (prediction unreliable),2720
Aspartic acid,-1.127,-2.719,-1.686,19.05,133.1,0.0,0.6,Low,ok,2721
Arginine,-1.338,-2.712,-1.555,-18.052,174.2,0.0,0.6,Low,ok,2722
Ceftibuten,-0.048,-2.795,-0.636,65.97,410.4,0.0,0.6,Low,ok,2723
Ribostamycin,-6.652,-2.706,1.075,-22.002,454.5,0.0,0.6,Low,ok,2724
Methotrexate,0.268,-2.776,0.3,56.187,454.4,0.0,0.6,Low,ok,2725
Calcium threonate,-7.48,-2.749,2.417,31.626,135.1,0.0,0.6,Low,ok,2726
Calcium ascorbate,-5.591,-2.706,2.734,38.753,175.1,0.0,0.6,Low,ok,2727
Aminopterin,0.244,-2.8,2.579,59.19,440.4,0.0,0.6,Low,ok,2728
Choline C-11,-0.315,-2.734,2.361,-38.031,103.2,0.0,0.6,Low,ok,2729
Gadobutrol,-7.912,-2.702,-2.912,50.187,604.7,0.0,0.6,Low,domain-edge (prediction unreliable),2730
Zilucoplan,3.932,-2.743,11.7,36.543,3562.2,0.0,0.6,Low,domain-edge (prediction unreliable),2731
Choline,-0.315,-2.734,2.361,-38.024,104.2,0.0,0.6,Low,ok,2732
Calcium glubionate anhydrous,-9.697,-2.941,1.189,2.799,592.5,0.0,0.5,Low,ok,2733
Sodium carbonate,-8.439,-2.858,8.2,31.934,60.0,0.0,0.5,Low,domain-edge (prediction unreliable),2734
Indium In-111 pentetate,-7.07,-2.948,-1.003,66.997,390.3,0.0,0.5,Low,ok,2735
Indigotindisulfonic acid,1.308,-2.95,3.27,83.7,422.4,0.0,0.5,Low,ok,2736
Lodoxamide,0.258,-2.94,2.983,70.74,311.6,0.0,0.5,Low,ok,2737
Potassium carbonate,-8.439,-2.931,7.727,27.302,60.0,0.0,0.5,Low,domain-edge (prediction unreliable),2738
Micronomicin,-3.716,-2.888,0.618,-30.546,463.6,0.0,0.5,Low,ok,2739
Paromomycin,-8.862,-2.957,0.488,-29.599,615.6,0.0,0.5,Low,domain-edge (prediction unreliable),2740
Creatine,-1.104,-2.826,-0.624,-2.215,131.1,0.0,0.5,Low,ok,2741
Lanthanum carbonate,-7.341,-2.846,-4.174,107.403,60.0,0.0,0.5,Low,domain-edge (prediction unreliable),2742
Ammonium carbonate,-1.695,-2.829,5.331,27.192,60.0,0.0,0.5,Low,domain-edge (prediction unreliable),2743
Choline C 11,-3.311,-2.876,4.739,-38.923,103.2,0.0,0.5,Low,ok,2744
Histrelin,-0.605,-2.829,3.256,37.986,1323.5,0.0,0.5,Low,domain-edge (prediction unreliable),2745
Zinc ascorbate,-5.213,-2.913,3.271,35.139,175.1,0.0,0.5,Low,ok,2746
Gadopentetic acid,-6.689,-2.982,-1.38,66.031,390.3,0.0,0.4,Low,ok,2747
Triethylenetetramine,-1.917,-3.02,-2.607,-35.886,146.2,0.0,0.4,Low,ok,2748
Lithium citrate,-14.241,-3.141,6.843,34.999,189.1,0.0,0.4,Low,ok,2749
Dimercaptosuccinic acid,-0.248,-3.097,1.876,42.317,182.2,0.0,0.4,Low,ok,2750
Copper gluconate,-9.658,-3.124,0.434,26.39,195.1,0.0,0.4,Low,ok,2751
"Zoledronate D,L-Lysine Monohydrate",-2.413,-3.093,3.166,14.966,272.1,0.0,0.4,Low,ok,2752
Dibekacin,-5.267,-3.072,0.468,-33.026,451.5,0.0,0.4,Low,ok,2753
Dotatate,-3.375,-3.004,-7.978,57.65,1435.6,0.0,0.4,Low,domain-edge (prediction unreliable),2754
Cromoglicic acid,2.114,-3.122,-2.295,91.754,468.4,0.0,0.4,Low,ok,2755
Levocarnitine,-1.806,-3.14,-0.322,-18.813,161.2,0.0,0.4,Low,ok,2756
Folic acid,-0.045,-3.089,1.216,63.403,441.4,0.0,0.4,Low,ok,2757
Kanamycin,-7.291,-3.065,0.257,-27.552,484.5,0.0,0.4,Low,ok,2758
Cefotetan,-1.397,-3.044,-0.693,84.864,575.6,0.0,0.4,Low,ok,2759
Tobramycin,-6.296,-3.048,0.922,-31.151,467.5,0.0,0.4,Low,ok,2760
Ferric sulfate,-8.142,-3.372,-1.912,64.446,96.1,0.0,0.3,Low,domain-edge (prediction unreliable),2761
Plazomicin,-5.361,-3.191,-0.576,-34.895,592.7,0.0,0.3,Low,ok,2762
Framycetin,-8.895,-3.215,0.336,-34.2,614.7,0.0,0.3,Low,domain-edge (prediction unreliable),2763
Iodixanol,-1.587,-3.274,-1.593,49.562,1550.2,0.0,0.3,Low,domain-edge (prediction unreliable),2764
Amikacin,-8.424,-3.369,0.368,-33.26,585.6,0.0,0.3,Low,ok,2765
Ceftolozane,-3.903,-3.153,1.165,53.794,666.7,0.0,0.3,Low,domain-edge (prediction unreliable),2766
Succinic acid,-0.064,-3.226,-0.348,27.961,118.1,0.0,0.3,Low,ok,2767
Edetate calcium disodium anhydrous,-13.783,-3.152,6.849,40.398,288.2,0.0,0.3,Low,ok,2768
Sucralfate,-22.231,-3.326,-10.828,101.021,1462.7,0.0,0.3,Low,domain-edge (prediction unreliable),2769
Potassium bicarbonate,-4.108,-3.263,5.262,32.135,61.0,0.0,0.3,Low,domain-edge (prediction unreliable),2770
Sodium bicarbonate,-4.108,-3.232,5.466,34.227,61.0,0.0,0.3,Low,domain-edge (prediction unreliable),2771
Carglumic acid,-1.027,-3.307,-1.586,25.975,190.2,0.0,0.3,Low,ok,2772
Magnesium gluconate,-11.686,-3.294,1.404,23.992,195.1,0.0,0.3,Low,ok,2773
Oteracil,-1.844,-3.225,-1.942,43.711,157.1,0.0,0.3,Low,ok,2774
Oxtriphylline,-1.726,-3.247,3.615,-37.85,179.2,0.0,0.3,Low,ok,2775
Levoleucovorin,-0.731,-3.252,0.819,55.829,473.4,0.0,0.3,Low,ok,2776
Glutathione,-2.206,-3.203,-1.833,27.56,307.3,0.0,0.3,Low,ok,2777
Zanamivir,-3.785,-3.195,-0.656,-1.033,332.3,0.0,0.3,Low,ok,2778
Leucovorin,-0.731,-3.201,1.547,53.821,473.4,0.0,0.3,Low,ok,2779
Decamethonium,3.52,-3.302,10.048,-56.645,258.5,0.0,0.3,Low,ok,2780
Calcium gluconate,-10.036,-3.508,1.272,17.249,195.1,0.0,0.2,Low,ok,2781
Magnesium citrate,-11.648,-3.429,-0.115,79.831,189.1,0.0,0.2,Low,ok,2782
Manganese citrate,-10.513,-3.53,-1.972,81.211,189.1,0.0,0.2,Low,ok,2783
Manganese gluconate,-9.658,-3.446,0.541,19.643,195.1,0.0,0.2,Low,ok,2784
Prussian blue,0.285,-3.496,-25.447,116.446,212.0,0.0,0.2,Low,ok,2785
Zinc gluconate,-9.658,-3.712,1.65,13.809,195.1,0.0,0.2,Low,ok,2786
Light green SF yellowish,-0.965,-3.756,9.13,48.903,746.9,0.0,0.2,Low,domain-edge (prediction unreliable),2787
Ferrous gluconate,-9.658,-3.589,1.036,16.107,195.1,0.0,0.2,Low,ok,2788
Ceforanide,-0.71,-3.523,0.001,62.94,519.6,0.0,0.2,Low,ok,2789
Sodium tartrate,-10.784,-3.722,8.162,20.69,148.1,0.0,0.2,Low,ok,2790
Succinylcholine,0.265,-3.633,-0.362,-55.394,290.4,0.0,0.2,Low,ok,2791
Dihydrostreptomycin,-7.948,-3.564,-2.072,-51.09,583.6,0.0,0.2,Low,ok,2792
Trofinetide,-1.24,-3.666,-1.812,17.142,315.3,0.0,0.2,Low,ok,2793
Isosulfan blue,4.447,-3.642,13.292,52.078,545.7,0.0,0.2,Low,ok,2794
Potassium aspartate,-14.185,-3.494,8.367,25.081,131.1,0.0,0.2,Low,ok,2795
Streptomycin,-7.742,-3.552,-2.839,-49.099,581.6,0.0,0.2,Low,ok,2796
Prezatide,-1.906,-3.398,1.905,-3.907,340.4,0.0,0.2,Low,ok,2797
Calcium citrate,-11.648,-3.694,0.631,72.088,189.1,0.0,0.2,Low,ok,2798
L-tartaric acid,-2.123,-4.099,3.612,25.05,150.1,0.0,0.1,Low,ok,2799
Tetraferric tricitrate decahydrate,-25.911,-4.199,-2.752,103.828,188.1,0.0,0.1,Low,ok,2800
Gallium Ga-68 gozetotide,-2.83,-4.294,-3.207,72.064,944.0,0.0,0.1,Low,domain-edge (prediction unreliable),2801
Indium In-111 pentetreotide,-1.422,-4.398,-5.824,65.874,1361.5,0.0,0.1,Low,domain-edge (prediction unreliable),2802
Sodium feredetate,-6.677,-3.933,3.694,60.102,344.1,0.0,0.1,Low,ok,2803
Sodium citrate,-14.241,-4.051,8.947,18.802,189.1,0.0,0.1,Low,ok,2804
Potassium bitartrate,-6.453,-3.942,6.573,20.571,149.1,0.0,0.1,Low,ok,2805
Capreomycin,-15.442,-3.87,-6.645,-45.834,668.7,0.0,0.1,Low,domain-edge (prediction unreliable),2806
Ferric ammonium citrate,-1.089,-3.762,1.179,45.762,192.1,0.0,0.1,Low,ok,2807
Patent Blue,4.153,-3.935,13.309,53.036,561.7,0.0,0.1,Low,ok,2808
Potassium citrate,-14.241,-4.136,8.451,13.584,189.1,0.0,0.1,Low,ok,2809
Calcium glucoheptonate,-11.315,-4.076,0.606,10.865,225.2,0.0,0.1,Low,ok,2810
Zinc citrate,-10.513,-4.199,1.844,65.511,189.1,0.0,0.1,Low,ok,2811
Piflufolastat F 18,0.191,-4.021,0.669,45.99,441.4,0.0,0.1,Low,ok,2812
Oftasceine,1.608,-4.168,-3.581,76.161,622.5,0.0,0.1,Low,domain-edge (prediction unreliable),2813
Ferrous glycine sulfate,-5.265,-4.339,1.242,35.118,74.1,0.0,0.1,Low,domain-edge (prediction unreliable),2814
Pentosan polysulfate,-4.811,-4.403,-0.982,36.368,602.5,0.0,0.1,Low,domain-edge (prediction unreliable),2815
Pentolinium,2.638,-3.786,8.556,-71.255,240.4,0.0,0.1,Low,ok,2816
Ioxaglic acid,3.445,-3.954,-3.397,69.526,1268.9,0.0,0.1,Low,domain-edge (prediction unreliable),2817
Iotrolan,-3.894,-4.115,4.162,36.791,1626.2,0.0,0.1,Low,domain-edge (prediction unreliable),2818
Diaminopropanol tetraacetic acid,-2.71,-5.278,-0.201,24.2,322.3,0.0,0.0,Low,ok,2819
Fondaparinux,-13.75,-9.617,-9.833,12.938,1508.3,0.0,0.0,Low,domain-edge (prediction unreliable),2820
Flotufolastat F-18,-1.715,-9.315,-8.559,28.607,1470.6,0.0,0.0,Low,domain-edge (prediction unreliable),2821
Plerixafor,0.416,-4.75,1.694,-60.36,502.8,0.0,0.0,Low,ok,2822
Glutathione disulfide,-3.877,-5.873,-0.909,21.903,612.6,0.0,0.0,Low,domain-edge (prediction unreliable),2823
Etelcalcetide,-7.229,-6.376,-4.19,-100.986,1048.3,0.0,0.0,Low,domain-edge (prediction unreliable),2824
Avexitide,-14.573,-6.109,-19.011,-6.261,3369.8,0.0,0.0,Low,domain-edge (prediction unreliable),2825
Gozetotide,1.555,-6.381,-4.743,51.566,947.0,0.0,0.0,Low,domain-edge (prediction unreliable),2826
Hyaluronic acid,-9.277,-4.782,-1.306,-13.156,776.7,0.0,0.0,Low,domain-edge (prediction unreliable),2827
Bismuth subcitrate potassium,-27.13,-5.198,9.667,42.128,188.1,0.0,0.0,Low,ok,2828
Tetracycline phosphate complex,-4.3,-9.787,-9.395,13.723,444.4,0.0,0.0,Low,ok,2829
Sodium ferric gluconate complex,-35.163,-4.769,-5.321,-20.518,342.3,0.0,0.0,Low,ok,2830
Edetic acid,-2.071,-4.867,-2.968,31.062,292.2,0.0,0.0,Low,ok,2831
Edetate disodium anhydrous,-10.733,-4.766,6.214,17.903,290.2,0.0,0.0,Low,ok,2832
Sugammadex,-7.682,-8.638,-3.261,26.0,2002.2,0.0,0.0,Low,domain-edge (prediction unreliable),2833
Gentamicin,-10.892,-7.31,-0.813,-125.042,477.6,0.0,0.0,Low,ok,2834
Pafolacianine,6.877,-5.068,-3.482,76.426,1326.5,0.0,0.0,Low,domain-edge (prediction unreliable),2835
Chromium gluconate,-14.486,-5.296,0.063,4.316,195.1,0.0,0.0,Low,ok,2836
Bivalirudin,-8.116,-7.073,-12.485,9.24,2180.3,0.0,0.0,Low,domain-edge (prediction unreliable),2837
Ritiometan,0.723,-4.566,0.673,58.898,286.4,0.0,0.0,Low,ok,2838
Gallamine triethiodide,-3.536,-4.588,62.743,-101.376,510.8,0.0,0.0,Low,ok,2839
Tetracosactide,-7.964,-7.492,-7.102,-59.09,2933.5,0.0,0.0,Low,domain-edge (prediction unreliable),2840
Inosine pranobex,1.547,-6.904,10.555,-0.029,268.2,0.0,0.0,Low,ok,2841
Citric acid,-1.248,-4.775,1.555,21.418,192.1,0.0,0.0,Low,ok,2842
Pentetic acid,-2.685,-5.835,-3.542,24.675,393.3,0.0,0.0,Low,ok,2843
Trypan blue free acid,6.67,-6.87,3.505,85.791,872.9,0.0,0.0,Low,domain-edge (prediction unreliable),2844
Ferric pyrophosphate citrate,-20.099,-9.344,-19.916,86.073,189.1,0.0,0.0,Low,ok,2845
